BEGIN:VCALENDAR
PRODID:-//Mozilla.org/NONSGML Mozilla Calendar V1.1//EN
VERSION:2.0
BEGIN:VTIMEZONE
TZID:America/New_York
X-LIC-LOCATION:America/New_York
BEGIN:DAYLIGHT
TZOFFSETFROM:-0500
TZOFFSETTO:-0400
TZNAME:EDT
DTSTART:19700308T020000
RRULE:FREQ=YEARLY;INTERVAL=1;BYDAY=2SU;BYMONTH=3
END:DAYLIGHT
BEGIN:STANDARD
TZOFFSETFROM:-0400
TZOFFSETTO:-0500
TZNAME:EST
DTSTART:19701101T020000
RRULE:FREQ=YEARLY;INTERVAL=1;BYDAY=1SU;BYMONTH=11
END:STANDARD
END:VTIMEZONE
BEGIN:VEVENT
CREATED:20071016T170030Z
LAST-MODIFIED:20100801T132307Z
DTSTAMP:20111108T114133Z
UID:ce42d18e-10ec-4fa1-a147-a4b5fb903dfb
SUMMARY:The first day of January
CLASS:PUBLIC
CATEGORIES:Public Holiday
DTSTART;VALUE=DATE;TZID=America/New_York:20070101
DTEND;VALUE=DATE;TZID=America/New_York:20070102
END:VEVENT
BEGIN:VEVENT
CREATED:20071016T170130Z
LAST-MODIFIED:20100801T132307Z
DTSTAMP:20111108T114133Z
UID:04d0b495-4775-4eec-b7a3-5f5ce5bccaa3
SUMMARY:The day preceding Lunar New Year's Day
CLASS:PUBLIC
CATEGORIES:Public Holiday
DTSTART;VALUE=DATE;TZID=America/New_York:20070217
DTEND;VALUE=DATE;TZID=America/New_York:20070218
END:VEVENT
BEGIN:VEVENT
CREATED:20071016T170220Z
LAST-MODIFIED:20100801T132307Z
DTSTAMP:20111108T114133Z
UID:2e0342d9-a849-40fa-a73c-698ec92028b9
SUMMARY:The second day of the Lunar New Year
CATEGORIES:Public Holiday
DTSTART;VALUE=DATE;TZID=America/New_York:20070219
DTEND;VALUE=DATE;TZID=America/New_York:20070220
END:VEVENT
BEGIN:VEVENT
CREATED:20071016T170234Z
LAST-MODIFIED:20100801T132307Z
DTSTAMP:20111108T114133Z
UID:163ca4a5-17af-446b-aab4-3b7571761e6d
SUMMARY:The third day of the Lunar New Year
CATEGORIES:Public Holiday
DTSTART;VALUE=DATE;TZID=America/New_York:20070220
DTEND;VALUE=DATE;TZID=America/New_York:20070221
END:VEVENT
BEGIN:VEVENT
CREATED:20071016T170320Z
LAST-MODIFIED:20100801T132307Z
DTSTAMP:20111108T114133Z
UID:1084a30b-18a8-4517-b97d-b61a48404bb4
SUMMARY:Ching Ming Festival
CATEGORIES:Public Holiday
DTSTART;VALUE=DATE;TZID=America/New_York:20070405
DTEND;VALUE=DATE;TZID=America/New_York:20070406
END:VEVENT
BEGIN:VEVENT
CREATED:20071016T170341Z
LAST-MODIFIED:20100801T132307Z
DTSTAMP:20111108T114133Z
UID:6d8dab53-3058-4fe4-bec5-b85f4a725a4f
SUMMARY:Good Friday
CATEGORIES:Public Holiday
DTSTART;VALUE=DATE;TZID=America/New_York:20070406
DTEND;VALUE=DATE;TZID=America/New_York:20070407
END:VEVENT
BEGIN:VEVENT
CREATED:20071016T170359Z
LAST-MODIFIED:20100801T132307Z
DTSTAMP:20111108T114133Z
UID:09c7bbfe-801a-4ff1-ba81-e49672fe97ee
SUMMARY:The day following Good Friday
CATEGORIES:Public Holiday
DTSTART;VALUE=DATE;TZID=America/New_York:20070407
DTEND;VALUE=DATE;TZID=America/New_York:20070408
END:VEVENT
BEGIN:VEVENT
CREATED:20071016T170417Z
LAST-MODIFIED:20100801T132307Z
DTSTAMP:20111108T114133Z
UID:c0d8d933-895f-4c87-83f6-4a47b990ee94
SUMMARY:Easter Monday
CATEGORIES:Public Holiday
DTSTART;VALUE=DATE;TZID=America/New_York:20070409
DTEND;VALUE=DATE;TZID=America/New_York:20070410
END:VEVENT
BEGIN:VEVENT
CREATED:20071016T170505Z
LAST-MODIFIED:20100801T132307Z
DTSTAMP:20111108T114133Z
UID:4e8e7581-600c-466f-a2ad-0e5955666c71
SUMMARY:Labour Day
CATEGORIES:Public Holiday
DTSTART;VALUE=DATE;TZID=America/New_York:20070501
DTEND;VALUE=DATE;TZID=America/New_York:20070502
END:VEVENT
BEGIN:VEVENT
CREATED:20071016T170526Z
LAST-MODIFIED:20100801T132307Z
DTSTAMP:20111108T114133Z
UID:939c4f40-565d-4405-a4a6-f7edca1db6fb
SUMMARY:The Buddha's Birthday
CATEGORIES:Public Holiday
DTSTART;VALUE=DATE;TZID=America/New_York:20070524
DTEND;VALUE=DATE;TZID=America/New_York:20070525
END:VEVENT
BEGIN:VEVENT
CREATED:20071016T170548Z
LAST-MODIFIED:20100801T132307Z
DTSTAMP:20111108T114133Z
UID:bec022f1-425d-4fc6-a2d3-fcbcbe7532d9
SUMMARY:Tuen Ng Festival
CATEGORIES:Public Holiday
DTSTART;VALUE=DATE;TZID=America/New_York:20070619
DTEND;VALUE=DATE;TZID=America/New_York:20070620
END:VEVENT
BEGIN:VEVENT
CREATED:20071016T170608Z
LAST-MODIFIED:20100801T132307Z
DTSTAMP:20111108T114133Z
UID:08c6c933-7008-4db6-b377-69bdfb03a131
SUMMARY:The day following Hong Kong Special Administrative Region 
 Establishment Day
CATEGORIES:Public Holiday
DTSTART;VALUE=DATE;TZID=America/New_York:20070702
DTEND;VALUE=DATE;TZID=America/New_York:20070703
END:VEVENT
BEGIN:VEVENT
CREATED:20071016T170632Z
LAST-MODIFIED:20100801T132307Z
DTSTAMP:20111108T114133Z
UID:aa62414c-3e63-41aa-9e91-05ed22d6c2bf
SUMMARY:The day following Chinese Mid-Autumn Festival
CATEGORIES:Public Holiday
DTSTART;VALUE=DATE;TZID=America/New_York:20070926
DTEND;VALUE=DATE;TZID=America/New_York:20070927
END:VEVENT
BEGIN:VEVENT
CREATED:20071016T170653Z
LAST-MODIFIED:20100801T132307Z
DTSTAMP:20111108T114133Z
UID:9a3068b1-7806-4289-836f-ef749ce13b3d
SUMMARY:National Day
CATEGORIES:Public Holiday
DTSTART;VALUE=DATE;TZID=America/New_York:20071001
DTEND;VALUE=DATE;TZID=America/New_York:20071002
END:VEVENT
BEGIN:VEVENT
CREATED:20071016T170712Z
LAST-MODIFIED:20100801T132307Z
DTSTAMP:20111108T114133Z
UID:f78c5c1d-7cd4-4e25-9d02-068b053eb1c5
SUMMARY:Chung Yeung Festival
CATEGORIES:Public Holiday
DTSTART;VALUE=DATE;TZID=America/New_York:20071019
DTEND;VALUE=DATE;TZID=America/New_York:20071020
END:VEVENT
BEGIN:VEVENT
CREATED:20071016T170731Z
LAST-MODIFIED:20100801T132307Z
DTSTAMP:20111108T114133Z
UID:f0e3f797-cfac-4fc2-a0f0-5f3396823205
SUMMARY:Christmas Day
CATEGORIES:Public Holiday
DTSTART;VALUE=DATE;TZID=America/New_York:20071225
DTEND;VALUE=DATE;TZID=America/New_York:20071226
END:VEVENT
BEGIN:VEVENT
CREATED:20071016T170758Z
LAST-MODIFIED:20100801T132307Z
DTSTAMP:20111108T114133Z
UID:9851a1aa-fc9b-48f0-9d90-a4d04bbff12f
SUMMARY:The first weekday after Christmas Day
CATEGORIES:Public Holiday
DTSTART;VALUE=DATE;TZID=America/New_York:20071226
DTEND;VALUE=DATE;TZID=America/New_York:20071227
END:VEVENT
BEGIN:VEVENT
CREATED:20071016T171400Z
LAST-MODIFIED:20100801T132307Z
DTSTAMP:20111108T114133Z
UID:8869fedc-8e53-4301-82e7-45c2b2688ff6
SUMMARY:The first day of January
CATEGORIES:Public Holiday
DTSTART;VALUE=DATE;TZID=America/New_York:20080101
DTEND;VALUE=DATE;TZID=America/New_York:20080102
END:VEVENT
BEGIN:VEVENT
CREATED:20071016T171419Z
LAST-MODIFIED:20100801T132307Z
DTSTAMP:20111108T114133Z
UID:521c8ff5-653f-4893-94b4-643103c84649
SUMMARY:Lunar New Year’s Day
CATEGORIES:Public Holiday
DTSTART;VALUE=DATE;TZID=America/New_York:20080207
DTEND;VALUE=DATE;TZID=America/New_York:20080208
END:VEVENT
BEGIN:VEVENT
CREATED:20071016T171438Z
LAST-MODIFIED:20100801T132307Z
DTSTAMP:20111108T114133Z
UID:53ae9160-5b70-47f6-800b-b1e33ad58403
SUMMARY:The second day of the Lunar New Year
CATEGORIES:Public Holiday
DTSTART;VALUE=DATE;TZID=America/New_York:20080208
DTEND;VALUE=DATE;TZID=America/New_York:20080209
END:VEVENT
BEGIN:VEVENT
CREATED:20071016T171454Z
LAST-MODIFIED:20100801T132307Z
DTSTAMP:20111108T114133Z
UID:62a07855-3ae3-4322-a07a-c02dae7d093f
SUMMARY:The third day of the Lunar New Year
CATEGORIES:Public Holiday
DTSTART;VALUE=DATE;TZID=America/New_York:20080209
DTEND;VALUE=DATE;TZID=America/New_York:20080210
END:VEVENT
BEGIN:VEVENT
CREATED:20071016T171514Z
LAST-MODIFIED:20100801T132307Z
DTSTAMP:20111108T114133Z
UID:374f0446-9b80-439b-8e0a-8ab9775f0445
SUMMARY:Good Friday
CATEGORIES:Public Holiday
DTSTART;VALUE=DATE;TZID=America/New_York:20080321
DTEND;VALUE=DATE;TZID=America/New_York:20080322
END:VEVENT
BEGIN:VEVENT
CREATED:20071016T171529Z
LAST-MODIFIED:20100801T132307Z
DTSTAMP:20111108T114133Z
UID:8ba4baa8-488e-4224-9779-f0d91d6a8484
SUMMARY:The day following Good Friday
CATEGORIES:Public Holiday
DTSTART;VALUE=DATE;TZID=America/New_York:20080322
DTEND;VALUE=DATE;TZID=America/New_York:20080323
END:VEVENT
BEGIN:VEVENT
CREATED:20071016T171550Z
LAST-MODIFIED:20100801T132307Z
DTSTAMP:20111108T114133Z
UID:d0a7a67d-8791-4059-8415-c2e13c5e910c
SUMMARY:Easter Monday
CATEGORIES:Public Holiday
DTSTART;VALUE=DATE;TZID=America/New_York:20080324
DTEND;VALUE=DATE;TZID=America/New_York:20080325
END:VEVENT
BEGIN:VEVENT
CREATED:20071016T171614Z
LAST-MODIFIED:20100801T132307Z
DTSTAMP:20111108T114133Z
UID:099a9227-bac7-4ea5-91b7-45a251c238de
SUMMARY:Ching Ming Festival
CATEGORIES:Public Holiday
DTSTART;VALUE=DATE;TZID=America/New_York:20080404
DTEND;VALUE=DATE;TZID=America/New_York:20080405
END:VEVENT
BEGIN:VEVENT
CREATED:20071016T171646Z
LAST-MODIFIED:20100801T132307Z
DTSTAMP:20111108T114133Z
UID:93aedf15-39b3-4c68-99ce-21b8e21442fc
SUMMARY:Labour Day
CATEGORIES:Public Holiday
DTSTART;VALUE=DATE;TZID=America/New_York:20080501
DTEND;VALUE=DATE;TZID=America/New_York:20080502
END:VEVENT
BEGIN:VEVENT
CREATED:20071016T171702Z
LAST-MODIFIED:20100801T132307Z
DTSTAMP:20111108T114133Z
UID:461069bc-ed35-4a98-9a29-59d9cbea5c4c
SUMMARY:The Buddha’s Birthday
CATEGORIES:Public Holiday
DTSTART;VALUE=DATE;TZID=America/New_York:20080512
DTEND;VALUE=DATE;TZID=America/New_York:20080513
END:VEVENT
BEGIN:VEVENT
CREATED:20071016T171723Z
LAST-MODIFIED:20100801T132307Z
DTSTAMP:20111108T114133Z
UID:3ffbf890-f87b-4374-857e-cc4fb1898a9c
SUMMARY:The day following Tuen Ng Festival
CATEGORIES:Public Holiday
DTSTART;VALUE=DATE;TZID=America/New_York:20080609
DTEND;VALUE=DATE;TZID=America/New_York:20080610
END:VEVENT
BEGIN:VEVENT
CREATED:20071016T171749Z
LAST-MODIFIED:20100801T132307Z
DTSTAMP:20111108T114133Z
UID:8a2f2518-2f26-44a9-a1ac-b1b8ac896a96
SUMMARY:Hong Kong Special Administrative Region Establishment Day
CATEGORIES:Public Holiday
DTSTART;VALUE=DATE;TZID=America/New_York:20080701
DTEND;VALUE=DATE;TZID=America/New_York:20080702
END:VEVENT
BEGIN:VEVENT
CREATED:20071016T171811Z
LAST-MODIFIED:20100801T132307Z
DTSTAMP:20111108T114133Z
UID:76352dbb-39ac-426f-8a68-ee6a35ffc287
SUMMARY:The day following Chinese Mid-Autumn Festival
CATEGORIES:Public Holiday
DTSTART;VALUE=DATE;TZID=America/New_York:20080915
DTEND;VALUE=DATE;TZID=America/New_York:20080916
END:VEVENT
BEGIN:VEVENT
CREATED:20071016T171829Z
LAST-MODIFIED:20100801T132307Z
DTSTAMP:20111108T114133Z
UID:eb15c5a3-986c-40e4-a0fc-a4969331c668
SUMMARY:National Day
CATEGORIES:Public Holiday
DTSTART;VALUE=DATE;TZID=America/New_York:20081001
DTEND;VALUE=DATE;TZID=America/New_York:20081002
END:VEVENT
BEGIN:VEVENT
CREATED:20071016T171843Z
LAST-MODIFIED:20100801T132307Z
DTSTAMP:20111108T114133Z
UID:4cbfe489-5528-4eed-9e18-3887c68b7323
SUMMARY:Chung Yeung Festival
CATEGORIES:Public Holiday
DTSTART;VALUE=DATE;TZID=America/New_York:20081007
DTEND;VALUE=DATE;TZID=America/New_York:20081008
END:VEVENT
BEGIN:VEVENT
CREATED:20071016T171903Z
LAST-MODIFIED:20100801T132307Z
DTSTAMP:20111108T114133Z
UID:8a56c66c-f406-4d0e-9f05-bf29d843c88e
SUMMARY:Christmas Day
CATEGORIES:Public Holiday
DTSTART;VALUE=DATE;TZID=America/New_York:20081225
DTEND;VALUE=DATE;TZID=America/New_York:20081226
END:VEVENT
BEGIN:VEVENT
CREATED:20071016T171915Z
LAST-MODIFIED:20100801T132307Z
DTSTAMP:20111108T114133Z
UID:e00baad6-1b98-478a-ab36-936fd2ba5e75
SUMMARY:The first weekday after Christmas Day
CATEGORIES:Public Holiday
DTSTART;VALUE=DATE;TZID=America/New_York:20081226
DTEND;VALUE=DATE;TZID=America/New_York:20081227
END:VEVENT
BEGIN:VEVENT
CREATED:20080924T004241Z
LAST-MODIFIED:20100801T132307Z
DTSTAMP:20111108T114133Z
UID:ae6024b2-eb99-4ed5-8843-c5d20f5c0acb
SUMMARY:The first day of January
CATEGORIES:Public Holiday
DTSTART;VALUE=DATE:20090101
DTEND;VALUE=DATE:20090102
TRANSP:TRANSPARENT
X-MOZ-GENERATION:1
END:VEVENT
BEGIN:VEVENT
CREATED:20080924T004411Z
LAST-MODIFIED:20100801T132307Z
DTSTAMP:20111108T114133Z
UID:1eff50fb-92af-4e7a-88a5-a70541063227
SUMMARY:Lunar New Year's Day
CATEGORIES:Public Holiday
DTSTART;VALUE=DATE:20090126
DTEND;VALUE=DATE:20090127
TRANSP:TRANSPARENT
END:VEVENT
BEGIN:VEVENT
CREATED:20080924T004429Z
LAST-MODIFIED:20100801T132307Z
DTSTAMP:20111108T114133Z
UID:5820e637-c8f8-4b0c-80d6-fe03c39dfe34
SUMMARY:The second day of the Lunar New Year
CATEGORIES:Public Holiday
DTSTART;VALUE=DATE:20090127
DTEND;VALUE=DATE:20090128
TRANSP:TRANSPARENT
END:VEVENT
BEGIN:VEVENT
CREATED:20080924T004448Z
LAST-MODIFIED:20100801T132307Z
DTSTAMP:20111108T114133Z
UID:d8b0a13d-f0dd-486f-85bb-9f35d48128cf
SUMMARY:The third day of the Lunar New Year
CATEGORIES:Public Holiday
DTSTART;VALUE=DATE:20090128
DTEND;VALUE=DATE:20090129
TRANSP:TRANSPARENT
END:VEVENT
BEGIN:VEVENT
CREATED:20080924T004542Z
LAST-MODIFIED:20100801T132307Z
DTSTAMP:20111108T114133Z
UID:75e8d194-799a-49f5-82f6-a94994936c8f
SUMMARY:Ching Ming Festival
CATEGORIES:Public Holiday
DTSTART;VALUE=DATE:20090404
DTEND;VALUE=DATE:20090405
TRANSP:TRANSPARENT
END:VEVENT
BEGIN:VEVENT
CREATED:20080924T004601Z
LAST-MODIFIED:20100801T132307Z
DTSTAMP:20111108T114133Z
UID:818050c6-7985-42fd-9bc4-8dc4f4b79c30
SUMMARY:Good Friday
CATEGORIES:Public Holiday
DTSTART;VALUE=DATE:20090410
DTEND;VALUE=DATE:20090411
TRANSP:TRANSPARENT
END:VEVENT
BEGIN:VEVENT
CREATED:20080924T004616Z
LAST-MODIFIED:20100801T132307Z
DTSTAMP:20111108T114133Z
UID:5018a2b4-26a6-47b5-8b23-31ba3f464442
SUMMARY:The day following Good Friday
CATEGORIES:Public Holiday
DTSTART;VALUE=DATE:20090411
DTEND;VALUE=DATE:20090412
TRANSP:TRANSPARENT
END:VEVENT
BEGIN:VEVENT
CREATED:20080924T004641Z
LAST-MODIFIED:20100801T132308Z
DTSTAMP:20111108T114133Z
UID:0108137b-c29c-48a7-babf-a5c3b3712a39
SUMMARY:Easter Monday
CATEGORIES:Public Holiday
DTSTART;VALUE=DATE:20090413
DTEND;VALUE=DATE:20090414
TRANSP:TRANSPARENT
END:VEVENT
BEGIN:VEVENT
CREATED:20080924T004706Z
LAST-MODIFIED:20100801T132308Z
DTSTAMP:20111108T114133Z
UID:f3032872-7e2e-487f-bb44-dd07507d5437
SUMMARY:Labour Day
CATEGORIES:Public Holiday
DTSTART;VALUE=DATE:20090501
DTEND;VALUE=DATE:20090502
TRANSP:TRANSPARENT
END:VEVENT
BEGIN:VEVENT
CREATED:20080924T004720Z
LAST-MODIFIED:20100801T132308Z
DTSTAMP:20111108T114133Z
UID:6cc65bff-0ce5-45f0-b1d8-a5478d5e5fb0
SUMMARY:The Buddha's Birthday
CATEGORIES:Public Holiday
DTSTART;VALUE=DATE:20090502
DTEND;VALUE=DATE:20090503
TRANSP:TRANSPARENT
END:VEVENT
BEGIN:VEVENT
CREATED:20080924T004743Z
LAST-MODIFIED:20100801T132308Z
DTSTAMP:20111108T114133Z
UID:97c2620e-d39f-4203-9b58-bb5c1a9dedff
SUMMARY:Tuen Ng Festival
CATEGORIES:Public Holiday
DTSTART;VALUE=DATE:20090528
DTEND;VALUE=DATE:20090529
TRANSP:TRANSPARENT
END:VEVENT
BEGIN:VEVENT
CREATED:20080924T004800Z
LAST-MODIFIED:20100801T132308Z
DTSTAMP:20111108T114133Z
UID:3249f674-ecb3-4765-ae6d-873119f83f0d
SUMMARY:Hong Kong Special Administrative Region Establishment Day
CATEGORIES:Public Holiday
DTSTART;VALUE=DATE:20090701
DTEND;VALUE=DATE:20090702
TRANSP:TRANSPARENT
END:VEVENT
BEGIN:VEVENT
CREATED:20080924T004833Z
LAST-MODIFIED:20100801T132308Z
DTSTAMP:20111108T114133Z
UID:487727da-c4fd-4aeb-894e-9bf3925035e0
SUMMARY:National Day
CATEGORIES:Public Holiday
DTSTART;VALUE=DATE:20091001
DTEND;VALUE=DATE:20091002
TRANSP:TRANSPARENT
END:VEVENT
BEGIN:VEVENT
CREATED:20080924T004853Z
LAST-MODIFIED:20100801T132308Z
DTSTAMP:20111108T114133Z
UID:fccdfd16-b72a-475d-b913-0056e3a25e10
SUMMARY:Chinese Mid-Autumn Festival
CATEGORIES:Public Holiday
DTSTART;VALUE=DATE:20091003
DTEND;VALUE=DATE:20091004
TRANSP:TRANSPARENT
END:VEVENT
BEGIN:VEVENT
CREATED:20080924T004913Z
LAST-MODIFIED:20100801T132308Z
DTSTAMP:20111108T114133Z
UID:df25d9ec-09a1-4812-8813-68fdc9ef818d
SUMMARY:Chung Yeung Festival
CATEGORIES:Public Holiday
DTSTART;VALUE=DATE:20091026
DTEND;VALUE=DATE:20091027
TRANSP:TRANSPARENT
END:VEVENT
BEGIN:VEVENT
CREATED:20080924T004936Z
LAST-MODIFIED:20100801T132308Z
DTSTAMP:20111108T114133Z
UID:ae58d963-d8f8-45d7-952e-a7020722128d
SUMMARY:Christmas Day
CATEGORIES:Public Holiday
DTSTART;VALUE=DATE:20091225
DTEND;VALUE=DATE:20091226
TRANSP:TRANSPARENT
END:VEVENT
BEGIN:VEVENT
CREATED:20090730T175016Z
LAST-MODIFIED:20100801T132308Z
DTSTAMP:20111108T114133Z
UID:cc126810-e59f-41c1-9dd9-a587c184b15d
SUMMARY:The first day of January
CATEGORIES:Public Holiday
DTSTART;VALUE=DATE:20100101
DTEND;VALUE=DATE:20100102
TRANSP:TRANSPARENT
END:VEVENT
BEGIN:VEVENT
CREATED:20090730T175122Z
LAST-MODIFIED:20100801T132308Z
DTSTAMP:20111108T114133Z
UID:234bc0af-28f6-49d3-a750-224a65d3dcca
SUMMARY:The day preceding Lunar New Year's Day
CATEGORIES:Public Holiday
DTSTART;VALUE=DATE:20100213
DTEND;VALUE=DATE:20100214
TRANSP:TRANSPARENT
END:VEVENT
BEGIN:VEVENT
CREATED:20090730T175153Z
LAST-MODIFIED:20100801T132308Z
DTSTAMP:20111108T114133Z
UID:2736cc45-09f5-4376-8861-b1188c6674e1
SUMMARY:The second day of the Lunar New Year
CATEGORIES:Public Holiday
DTSTART;VALUE=DATE:20100215
DTEND;VALUE=DATE:20100216
TRANSP:TRANSPARENT
END:VEVENT
BEGIN:VEVENT
CREATED:20090730T175213Z
LAST-MODIFIED:20100801T132308Z
DTSTAMP:20111108T114133Z
UID:582f8d51-92f0-4297-a35c-0bb93ac5176d
SUMMARY:The third day of the Lunar New Year
CATEGORIES:Public Holiday
DTSTART;VALUE=DATE:20100216
DTEND;VALUE=DATE:20100217
TRANSP:TRANSPARENT
END:VEVENT
BEGIN:VEVENT
CREATED:20090730T175231Z
LAST-MODIFIED:20100801T132308Z
DTSTAMP:20111108T114133Z
UID:8d84395a-72f6-424a-8d26-0e444d9e61ca
SUMMARY:Good Friday
CATEGORIES:Public Holiday
DTSTART;VALUE=DATE:20100402
DTEND;VALUE=DATE:20100403
TRANSP:TRANSPARENT
END:VEVENT
BEGIN:VEVENT
CREATED:20090730T175254Z
LAST-MODIFIED:20100801T132308Z
DTSTAMP:20111108T114133Z
UID:a2b3d826-d87a-4156-8910-3b0696d8b907
SUMMARY:The day following Good Friday
CATEGORIES:Public Holiday
DTSTART;VALUE=DATE:20100403
DTEND;VALUE=DATE:20100404
TRANSP:TRANSPARENT
END:VEVENT
BEGIN:VEVENT
CREATED:20090730T175311Z
LAST-MODIFIED:20100801T132308Z
DTSTAMP:20111108T114133Z
UID:34e5436d-17d1-417d-98bc-d78af21ec16d
SUMMARY:Easter Monday
CATEGORIES:Public Holiday
DTSTART;VALUE=DATE:20100405
DTEND;VALUE=DATE:20100406
TRANSP:TRANSPARENT
END:VEVENT
BEGIN:VEVENT
CREATED:20090730T175326Z
LAST-MODIFIED:20100801T132308Z
DTSTAMP:20111108T114133Z
UID:f006e067-ba91-4c3c-ac97-0adaa1af7534
SUMMARY:The day following Ching Ming Festival
CATEGORIES:Public Holiday
DTSTART;VALUE=DATE:20100406
DTEND;VALUE=DATE:20100407
TRANSP:TRANSPARENT
END:VEVENT
BEGIN:VEVENT
CREATED:20090730T175344Z
LAST-MODIFIED:20100801T132308Z
DTSTAMP:20111108T114133Z
UID:ba7c104b-5a6e-4328-af9c-b47c9c6234fd
SUMMARY:Labour Day
CATEGORIES:Public Holiday
DTSTART;VALUE=DATE:20100501
DTEND;VALUE=DATE:20100502
TRANSP:TRANSPARENT
END:VEVENT
BEGIN:VEVENT
CREATED:20090730T175401Z
LAST-MODIFIED:20100801T132308Z
DTSTAMP:20111108T114133Z
UID:c705ebfa-05b5-4c20-9fdd-48bfd9e4cfa4
SUMMARY:The Buddha’s Birthday
CATEGORIES:Public Holiday
DTSTART;VALUE=DATE:20100521
DTEND;VALUE=DATE:20100522
TRANSP:TRANSPARENT
END:VEVENT
BEGIN:VEVENT
CREATED:20090730T175420Z
LAST-MODIFIED:20100801T132308Z
DTSTAMP:20111108T114133Z
UID:05627774-787d-4760-b9b4-14812e11dec3
SUMMARY:Tuen Ng Festival
CATEGORIES:Public Holiday
DTSTART;VALUE=DATE:20100616
DTEND;VALUE=DATE:20100617
TRANSP:TRANSPARENT
END:VEVENT
BEGIN:VEVENT
CREATED:20090730T175438Z
LAST-MODIFIED:20100801T132308Z
DTSTAMP:20111108T114133Z
UID:a72b363a-da14-418f-bdb7-cff6e57f266b
SUMMARY:Hong Kong Special Administrative Region Establishment Day
CATEGORIES:Public Holiday
DTSTART;VALUE=DATE:20100701
DTEND;VALUE=DATE:20100702
TRANSP:TRANSPARENT
END:VEVENT
BEGIN:VEVENT
CREATED:20090730T175458Z
LAST-MODIFIED:20100801T132308Z
DTSTAMP:20111108T114133Z
UID:4e14fcdb-23ab-414e-bf91-41c54cd197da
SUMMARY:The day following Chinese Mid-Autumn Festival
CATEGORIES:Public Holiday
DTSTART;VALUE=DATE:20100923
DTEND;VALUE=DATE:20100924
TRANSP:TRANSPARENT
END:VEVENT
BEGIN:VEVENT
CREATED:20090730T175517Z
LAST-MODIFIED:20100801T132308Z
DTSTAMP:20111108T114133Z
UID:cd74ac16-a9d9-4643-ae66-bb7040f8f824
SUMMARY:National Day
CATEGORIES:Public Holiday
DTSTART;VALUE=DATE:20101001
DTEND;VALUE=DATE:20101002
TRANSP:TRANSPARENT
END:VEVENT
BEGIN:VEVENT
CREATED:20090730T175542Z
LAST-MODIFIED:20100801T132308Z
DTSTAMP:20111108T114133Z
UID:5d521809-5fbf-4449-a24c-bae69fb9f61b
SUMMARY:Chung Yeung Festival
CATEGORIES:Public Holiday
DTSTART;VALUE=DATE:20101016
DTEND;VALUE=DATE:20101017
TRANSP:TRANSPARENT
END:VEVENT
BEGIN:VEVENT
CREATED:20090730T175625Z
LAST-MODIFIED:20100801T132308Z
DTSTAMP:20111108T114133Z
UID:0cc958fe-1e71-4351-807a-54a0a75d0f84
SUMMARY:Christmas Day
CATEGORIES:Public Holiday
DTSTART;VALUE=DATE:20101225
DTEND;VALUE=DATE:20101226
TRANSP:TRANSPARENT
END:VEVENT
BEGIN:VEVENT
CREATED:20090730T175652Z
LAST-MODIFIED:20100801T132308Z
DTSTAMP:20111108T114133Z
UID:72ef85a7-455d-49ed-b1f1-1003def913e6
SUMMARY:The first weekday after Christmas Day
CATEGORIES:Public Holiday
DTSTART;VALUE=DATE:20101227
DTEND;VALUE=DATE:20101228
TRANSP:TRANSPARENT
END:VEVENT
BEGIN:VEVENT
CREATED:20080924T004948Z
LAST-MODIFIED:20100801T132308Z
DTSTAMP:20111108T114133Z
UID:1ce1d66d-5a2a-4792-a830-adb97f66fe03
SUMMARY:The first weekday after Christmas Day
CATEGORIES:Public Holiday
DTSTART;VALUE=DATE:20091226
DTEND;VALUE=DATE:20091227
TRANSP:TRANSPARENT
X-MOZ-GENERATION:1
END:VEVENT
BEGIN:VEVENT
CREATED:20100722T011740Z
LAST-MODIFIED:20100801T132308Z
DTSTAMP:20111108T114133Z
UID:0ae50dcf-554c-4a17-adb8-96affeca34a6
SUMMARY:The first day of January
CATEGORIES:Public Holiday
DTSTART;VALUE=DATE:20110101
DTEND;VALUE=DATE:20110102
TRANSP:TRANSPARENT
END:VEVENT
BEGIN:VEVENT
CREATED:20100722T011813Z
LAST-MODIFIED:20100801T132308Z
DTSTAMP:20111108T114133Z
UID:f1e545c1-c16c-488a-b981-7c1d2e77eb7c
SUMMARY:Lunar New Year's Day
CATEGORIES:Public Holiday
DTSTART;VALUE=DATE:20110203
DTEND;VALUE=DATE:20110204
TRANSP:TRANSPARENT
END:VEVENT
BEGIN:VEVENT
CREATED:20100722T011836Z
LAST-MODIFIED:20100801T132308Z
DTSTAMP:20111108T114133Z
UID:b02e42e8-ebf9-42d1-a5d0-b3d106ac5467
SUMMARY:The second day of the Lunar New Year
CATEGORIES:Public Holiday
DTSTART;VALUE=DATE:20110204
DTEND;VALUE=DATE:20110205
TRANSP:TRANSPARENT
END:VEVENT
BEGIN:VEVENT
CREATED:20100722T011858Z
LAST-MODIFIED:20100801T132308Z
DTSTAMP:20111108T114133Z
UID:6c94a3e6-4519-4778-ab73-95096713cc82
SUMMARY:The third day of the Lunar New Year
CATEGORIES:Public Holiday
DTSTART;VALUE=DATE:20110205
DTEND;VALUE=DATE:20110206
TRANSP:TRANSPARENT
END:VEVENT
BEGIN:VEVENT
CREATED:20100722T011922Z
LAST-MODIFIED:20100801T132308Z
DTSTAMP:20111108T114133Z
UID:e8f8857d-f3d2-4cea-98ac-98d28b338202
SUMMARY:Ching Ming Festival
CATEGORIES:Public Holiday
DTSTART;VALUE=DATE:20110405
DTEND;VALUE=DATE:20110406
TRANSP:TRANSPARENT
END:VEVENT
BEGIN:VEVENT
CREATED:20100722T011937Z
LAST-MODIFIED:20100801T132308Z
DTSTAMP:20111108T114133Z
UID:a26d45a9-76ef-40a0-b1c5-d48910f6e7ef
SUMMARY:Good Friday
CATEGORIES:Public Holiday
DTSTART;VALUE=DATE:20110422
DTEND;VALUE=DATE:20110423
TRANSP:TRANSPARENT
END:VEVENT
BEGIN:VEVENT
CREATED:20100722T011950Z
LAST-MODIFIED:20100801T132308Z
DTSTAMP:20111108T114133Z
UID:12c7bd01-163b-4a1a-a373-91a8b8b6b0da
SUMMARY:The day following Good Friday
CATEGORIES:Public Holiday
DTSTART;VALUE=DATE:20110423
DTEND;VALUE=DATE:20110424
TRANSP:TRANSPARENT
END:VEVENT
BEGIN:VEVENT
CREATED:20100722T012010Z
LAST-MODIFIED:20100801T132308Z
DTSTAMP:20111108T114133Z
UID:eb343413-a3db-4bb3-a869-26945ec606b6
SUMMARY:Easter Monday
CATEGORIES:Public Holiday
DTSTART;VALUE=DATE:20110425
DTEND;VALUE=DATE:20110426
TRANSP:TRANSPARENT
END:VEVENT
BEGIN:VEVENT
CREATED:20100722T012030Z
LAST-MODIFIED:20100801T132308Z
DTSTAMP:20111108T114133Z
UID:d065eaa7-3e89-49df-93de-cbff2ac86a58
SUMMARY:The day following Labour Day
CATEGORIES:Public Holiday
DTSTART;VALUE=DATE:20110502
DTEND;VALUE=DATE:20110503
TRANSP:TRANSPARENT
END:VEVENT
BEGIN:VEVENT
CREATED:20100722T012051Z
LAST-MODIFIED:20100801T132308Z
DTSTAMP:20111108T114133Z
UID:10025847-bb40-4533-b47f-d2b58e4a96f6
SUMMARY:The Buddha's Birthday
CATEGORIES:Public Holiday
DTSTART;VALUE=DATE:20110510
DTEND;VALUE=DATE:20110511
TRANSP:TRANSPARENT
END:VEVENT
BEGIN:VEVENT
CREATED:20100722T012113Z
LAST-MODIFIED:20100801T132308Z
DTSTAMP:20111108T114133Z
UID:cdbde614-6c80-4825-8237-b84425a72dbf
SUMMARY:Tuen Ng Festival
CATEGORIES:Public Holiday
DTSTART;VALUE=DATE:20110606
DTEND;VALUE=DATE:20110607
TRANSP:TRANSPARENT
END:VEVENT
BEGIN:VEVENT
CREATED:20100722T012138Z
LAST-MODIFIED:20100801T132308Z
DTSTAMP:20111108T114133Z
UID:1307d036-3357-4557-a633-a93f9d1241ac
SUMMARY:Hong Kong Special Administrative Region Establishment Day
CATEGORIES:Public Holiday
DTSTART;VALUE=DATE:20110701
DTEND;VALUE=DATE:20110702
TRANSP:TRANSPARENT
END:VEVENT
BEGIN:VEVENT
CREATED:20100722T012216Z
LAST-MODIFIED:20100801T132308Z
DTSTAMP:20111108T114133Z
UID:1913842d-cdb6-42c6-9f70-477a472db03e
SUMMARY:The day following Chinese Mid-Autumn Festival
CATEGORIES:Public Holiday
DTSTART;VALUE=DATE:20110913
DTEND;VALUE=DATE:20110914
TRANSP:TRANSPARENT
END:VEVENT
BEGIN:VEVENT
CREATED:20100722T012243Z
LAST-MODIFIED:20100801T132308Z
DTSTAMP:20111108T114133Z
UID:907d260b-a331-44bf-8177-085050a5820a
SUMMARY:National Day
CATEGORIES:Public Holiday
DTSTART;VALUE=DATE:20111001
DTEND;VALUE=DATE:20111002
TRANSP:TRANSPARENT
END:VEVENT
BEGIN:VEVENT
CREATED:20100722T012258Z
LAST-MODIFIED:20100801T132308Z
DTSTAMP:20111108T114133Z
UID:133861f5-2c27-4ae2-a696-6ea24a2539be
SUMMARY:Chung Yeung Festival
CATEGORIES:Public Holiday
DTSTART;VALUE=DATE:20111005
DTEND;VALUE=DATE:20111006
TRANSP:TRANSPARENT
END:VEVENT
BEGIN:VEVENT
CREATED:20100722T012319Z
LAST-MODIFIED:20100801T132308Z
DTSTAMP:20111108T114133Z
UID:2d23491d-642b-4d5f-b860-2e566ae13c69
SUMMARY:The first weekday after Christmas Day
CATEGORIES:Public Holiday
DTSTART;VALUE=DATE:20111226
DTEND;VALUE=DATE:20111227
TRANSP:TRANSPARENT
END:VEVENT
BEGIN:VEVENT
CREATED:20100722T012339Z
LAST-MODIFIED:20100801T132308Z
DTSTAMP:20111108T114133Z
UID:2f63915d-7d52-413d-b78e-e9c13ccf8f33
SUMMARY:The second weekday after Christmas Day
CATEGORIES:Public Holiday
DTSTART;VALUE=DATE:20111227
DTEND;VALUE=DATE:20111228
TRANSP:TRANSPARENT
END:VEVENT
BEGIN:VEVENT
CREATED:20111108T114629Z
LAST-MODIFIED:20111108T114653Z
DTSTAMP:20111108T114629Z
UID:b857ff3f-5ea0-4c40-9af3-d19f24c9daa9
SUMMARY:The day following the first day of January
CATEGORIES:Public Holiday
DTSTART;VALUE=DATE:20120102
DTEND;VALUE=DATE:20120103
TRANSP:TRANSPARENT
END:VEVENT
BEGIN:VEVENT
CREATED:20111108T114717Z
LAST-MODIFIED:20111108T114732Z
DTSTAMP:20111108T114717Z
UID:f997cda3-f7e8-4cbd-9559-c7db17a376db
SUMMARY:Lunar New Year's Day
CATEGORIES:Public Holiday
DTSTART;VALUE=DATE:20120123
DTEND;VALUE=DATE:20120124
TRANSP:TRANSPARENT
END:VEVENT
BEGIN:VEVENT
CREATED:20111108T114737Z
LAST-MODIFIED:20111108T114800Z
DTSTAMP:20111108T114737Z
UID:eae5a3cc-2e8e-45d1-be6d-21c66d3d96d8
SUMMARY:The second day of the Lunar New Year
CATEGORIES:Public Holiday
DTSTART;VALUE=DATE:20120124
DTEND;VALUE=DATE:20120125
TRANSP:TRANSPARENT
END:VEVENT
BEGIN:VEVENT
CREATED:20111108T114803Z
LAST-MODIFIED:20111108T114821Z
DTSTAMP:20111108T114803Z
UID:a92cb84a-fb90-47b3-a540-649958260eba
SUMMARY:The third day of the Lunar New Year
CATEGORIES:Public Holiday
DTSTART;VALUE=DATE:20120125
DTEND;VALUE=DATE:20120126
TRANSP:TRANSPARENT
END:VEVENT
BEGIN:VEVENT
CREATED:20111108T114830Z
LAST-MODIFIED:20111108T114842Z
DTSTAMP:20111108T114830Z
UID:6981135b-b08a-46f8-b124-73aed6bc8907
SUMMARY:Ching Ming Festival
CATEGORIES:Public Holiday
DTSTART;VALUE=DATE:20120404
DTEND;VALUE=DATE:20120405
TRANSP:TRANSPARENT
END:VEVENT
BEGIN:VEVENT
CREATED:20111108T114847Z
LAST-MODIFIED:20111108T114857Z
DTSTAMP:20111108T114847Z
UID:b08a0f6b-a749-491b-bc1d-1e35b1328664
SUMMARY:Good Friday
CATEGORIES:Public Holiday
DTSTART;VALUE=DATE:20120406
DTEND;VALUE=DATE:20120407
TRANSP:TRANSPARENT
END:VEVENT
BEGIN:VEVENT
CREATED:20111108T114901Z
LAST-MODIFIED:20111108T114915Z
DTSTAMP:20111108T114901Z
UID:4128ddbc-f921-4592-8d64-0a5bcfdf798b
SUMMARY:The day following Good Friday
CATEGORIES:Public Holiday
DTSTART;VALUE=DATE:20120407
DTEND;VALUE=DATE:20120408
TRANSP:TRANSPARENT
END:VEVENT
BEGIN:VEVENT
CREATED:20111108T114919Z
LAST-MODIFIED:20111108T114929Z
DTSTAMP:20111108T114919Z
UID:96d4ac05-ff14-4686-bb37-7a56627ce80e
SUMMARY:Easter Monday
CATEGORIES:Public Holiday
DTSTART;VALUE=DATE:20120409
DTEND;VALUE=DATE:20120410
TRANSP:TRANSPARENT
END:VEVENT
BEGIN:VEVENT
CREATED:20111108T114935Z
LAST-MODIFIED:20111108T114956Z
DTSTAMP:20111108T114935Z
UID:896391c8-863b-4f2a-a34d-46c13c988a66
SUMMARY:The Birthday of the Buddha
CATEGORIES:Public Holiday
DTSTART;VALUE=DATE:20120428
DTEND;VALUE=DATE:20120429
TRANSP:TRANSPARENT
END:VEVENT
BEGIN:VEVENT
CREATED:20111108T115003Z
LAST-MODIFIED:20111108T115012Z
DTSTAMP:20111108T115003Z
UID:e5b8f12b-b3fd-46fa-9704-27df6fad2ed9
SUMMARY:Labour Day
CATEGORIES:Public Holiday
DTSTART;VALUE=DATE:20120501
DTEND;VALUE=DATE:20120502
TRANSP:TRANSPARENT
END:VEVENT
BEGIN:VEVENT
CREATED:20111108T115020Z
LAST-MODIFIED:20111108T115033Z
DTSTAMP:20111108T115020Z
UID:6e25ec51-aef3-4091-b499-1a34b12286ee
SUMMARY:Tuen Ng Festival
CATEGORIES:Public Holiday
DTSTART;VALUE=DATE:20120623
DTEND;VALUE=DATE:20120624
TRANSP:TRANSPARENT
END:VEVENT
BEGIN:VEVENT
CREATED:20111108T115122Z
LAST-MODIFIED:20111108T115145Z
DTSTAMP:20111108T115122Z
UID:3807c01a-5488-4d64-b59d-4dcac4c825de
SUMMARY:The day following the Chinese Mid-Autumn Festival
CATEGORIES:Public Holiday
DTSTART;VALUE=DATE:20121001
DTEND;VALUE=DATE:20121002
TRANSP:TRANSPARENT
END:VEVENT
BEGIN:VEVENT
CREATED:20111108T115152Z
LAST-MODIFIED:20111108T115208Z
DTSTAMP:20111108T115152Z
UID:5d0fba35-afd3-4f21-9213-1dde5642c3d7
SUMMARY:The day following National Day
CATEGORIES:Public Holiday
DTSTART;VALUE=DATE:20121002
DTEND;VALUE=DATE:20121003
TRANSP:TRANSPARENT
END:VEVENT
BEGIN:VEVENT
CREATED:20111108T115213Z
LAST-MODIFIED:20111108T115228Z
DTSTAMP:20111108T115213Z
UID:fafad9e1-a0be-418c-b381-d5cb0ef20ea8
SUMMARY:Chung Yeung Festival
CATEGORIES:Public Holiday
DTSTART;VALUE=DATE:20121023
DTEND;VALUE=DATE:20121024
TRANSP:TRANSPARENT
END:VEVENT
BEGIN:VEVENT
CREATED:20111108T115236Z
LAST-MODIFIED:20111108T115247Z
DTSTAMP:20111108T115236Z
UID:eff161db-9585-49e9-98f6-cf84f8ea1401
SUMMARY:Christmas Day
CATEGORIES:Public Holiday
DTSTART;VALUE=DATE:20121225
DTEND;VALUE=DATE:20121226
TRANSP:TRANSPARENT
END:VEVENT
BEGIN:VEVENT
CREATED:20111108T115255Z
LAST-MODIFIED:20111108T115315Z
DTSTAMP:20111108T115255Z
UID:dfe9ddc8-aaa0-4a79-ad6a-eea5f662a80b
SUMMARY:The first weekday after Christmas Day
CATEGORIES:Public Holiday
DTSTART;VALUE=DATE:20121226
DTEND;VALUE=DATE:20121227
TRANSP:TRANSPARENT
END:VEVENT
BEGIN:VEVENT
CREATED:20111108T115040Z
LAST-MODIFIED:20111108T115407Z
DTSTAMP:20111108T115040Z
UID:1ab0da71-1500-4418-9d8a-0d809e1e9d7a
SUMMARY:The day following Hong Kong Special Administrative Region 
 Establishment Day
CATEGORIES:Public Holiday
DTSTART;VALUE=DATE:20120702
DTEND;VALUE=DATE:20120703
TRANSP:TRANSPARENT
X-MOZ-GENERATION:1
END:VEVENT
END:VCALENDAR
