BEGIN:VCALENDAR
PRODID:-//Mozilla.org/NONSGML Mozilla Calendar V1.1//EN
VERSION:2.0
X-WR-CALNAME:SpanishHolidays
X-WR-TIMEZONE:Europe/Madrid
BEGIN:VTIMEZONE
TZID:Europe/Madrid
X-LIC-LOCATION:Europe/Madrid
BEGIN:DAYLIGHT
TZOFFSETFROM:+0100
TZOFFSETTO:+0200
TZNAME:CEST
DTSTART:19700329T020000
RRULE:FREQ=YEARLY;BYDAY=-1SU;BYMONTH=3
END:DAYLIGHT
BEGIN:STANDARD
TZOFFSETFROM:+0200
TZOFFSETTO:+0100
TZNAME:CET
DTSTART:19701025T030000
RRULE:FREQ=YEARLY;BYDAY=-1SU;BYMONTH=10
END:STANDARD
END:VTIMEZONE
BEGIN:VEVENT
CREATED:20071120T230947Z
LAST-MODIFIED:20091106T235011Z
DTSTAMP:20091129T210350Z
UID:e16cf5c6-e944-45a2-bb52-16192b20f949
SUMMARY:Día siguiente a la Epifanía del Señor (excepto Baleares\, Canta
 bria\, Cataluña\, Valencia\, Galicia\, Murcia\, Navarra\, País Vasco y L
 a Rioja)
CATEGORIES:Fiestas oficiales
DTSTART;VALUE=DATE;TZID=Europe/Madrid:20080107
DTEND;VALUE=DATE;TZID=Europe/Madrid:20080108
TRANSP:TRANSPARENT
END:VEVENT
BEGIN:VEVENT
CREATED:20071120T231217Z
LAST-MODIFIED:20091106T235011Z
DTSTAMP:20091129T210350Z
UID:f2f11a53-6615-452a-abf6-ef6c442c7f55
SUMMARY:Día de Andalucía
CATEGORIES:Fiestas oficiales
DTSTART;VALUE=DATE;TZID=Europe/Madrid:20080228
DTEND;VALUE=DATE;TZID=Europe/Madrid:20080229
TRANSP:TRANSPARENT
END:VEVENT
BEGIN:VEVENT
CREATED:20071120T231456Z
LAST-MODIFIED:20091106T235011Z
DTSTAMP:20091129T210350Z
UID:8be44065-01ba-4ea6-afe2-abc740c60ea0
SUMMARY:Día de San José (Castilla La Mancha\, Valencia\, Galicia\, Murci
 a\, Navarra\, País Vasco y Melilla)
CATEGORIES:Fiestas oficiales
DTSTART;VALUE=DATE;TZID=Europe/Madrid:20080319
DTEND;VALUE=DATE;TZID=Europe/Madrid:20080320
TRANSP:TRANSPARENT
END:VEVENT
BEGIN:VEVENT
CREATED:20071120T231619Z
LAST-MODIFIED:20091106T235011Z
DTSTAMP:20091129T210350Z
UID:a591a394-f306-462c-9f3b-f2c087b2ba6c
SUMMARY:Jueves Santo (excepto Cataluña)
CATEGORIES:Fiestas oficiales
DTSTART;VALUE=DATE;TZID=Europe/Madrid:20080320
DTEND;VALUE=DATE;TZID=Europe/Madrid:20080321
TRANSP:TRANSPARENT
END:VEVENT
BEGIN:VEVENT
CREATED:20071120T231712Z
LAST-MODIFIED:20091106T235011Z
DTSTAMP:20091129T210350Z
UID:322d2073-ec36-4bb3-a884-a34e39daea0a
SUMMARY:Lunes de Pascua (Baleares\, Cataluña\, Valencia\, Navarra\, País
  Vasco y La Rioja)
CATEGORIES:Fiestas oficiales
DTSTART;VALUE=DATE;TZID=Europe/Madrid:20080324
DTEND;VALUE=DATE;TZID=Europe/Madrid:20080325
TRANSP:TRANSPARENT
END:VEVENT
BEGIN:VEVENT
CREATED:20071120T231825Z
LAST-MODIFIED:20091106T235011Z
DTSTAMP:20091129T210350Z
UID:ad2ad91c-17fa-4a3c-a2d0-6453319e6675
SUMMARY:San Jorge (Día de Aragón) / Día de la Comunidad (Castilla León
 )
CATEGORIES:Fiestas oficiales
DTSTART;VALUE=DATE;TZID=Europe/Madrid:20080423
DTEND;VALUE=DATE;TZID=Europe/Madrid:20080424
TRANSP:TRANSPARENT
END:VEVENT
BEGIN:VEVENT
CREATED:20071120T231957Z
LAST-MODIFIED:20091106T235012Z
DTSTAMP:20091129T210350Z
UID:f8b8278b-6e14-44a2-9cae-06dd0e5819c0
SUMMARY:Fiesta de la Comunidad de Madrid
CATEGORIES:Fiestas oficiales
DTSTART;VALUE=DATE;TZID=Europe/Madrid:20080502
DTEND;VALUE=DATE;TZID=Europe/Madrid:20080503
TRANSP:TRANSPARENT
END:VEVENT
BEGIN:VEVENT
CREATED:20071120T232031Z
LAST-MODIFIED:20091106T235012Z
DTSTAMP:20091129T210350Z
UID:99688402-d17f-45b8-afa4-78854786aec6
SUMMARY:Día de las Letras Gallegas
CATEGORIES:Fiestas oficiales
DTSTART;VALUE=DATE;TZID=Europe/Madrid:20080517
DTEND;VALUE=DATE;TZID=Europe/Madrid:20080518
TRANSP:TRANSPARENT
END:VEVENT
BEGIN:VEVENT
CREATED:20071120T232126Z
LAST-MODIFIED:20091106T235012Z
DTSTAMP:20091129T210350Z
UID:49874964-170a-4d5f-9a1c-2ff7ed829ca7
SUMMARY:Día de Canarias
CATEGORIES:Fiestas oficiales
DTSTART;VALUE=DATE;TZID=Europe/Madrid:20080530
DTEND;VALUE=DATE;TZID=Europe/Madrid:20080531
TRANSP:TRANSPARENT
END:VEVENT
BEGIN:VEVENT
CREATED:20071120T232206Z
LAST-MODIFIED:20091106T235012Z
DTSTAMP:20091129T210350Z
UID:51806ce2-23cc-4df0-a041-2adb6dfb1ade
SUMMARY:Día de la Región de Castila La Mancha
CATEGORIES:Fiestas oficiales
DTSTART;VALUE=DATE;TZID=Europe/Madrid:20080531
DTEND;VALUE=DATE;TZID=Europe/Madrid:20080601
TRANSP:TRANSPARENT
END:VEVENT
BEGIN:VEVENT
CREATED:20071120T232250Z
LAST-MODIFIED:20091106T235012Z
DTSTAMP:20091129T210350Z
UID:4fe46de8-9b68-4d2f-a0d9-bb049192769d
SUMMARY:Día de la Región de Murcia / Día de La Rioja
CATEGORIES:Fiestas oficiales
DTSTART;VALUE=DATE;TZID=Europe/Madrid:20080609
DTEND;VALUE=DATE;TZID=Europe/Madrid:20080610
TRANSP:TRANSPARENT
END:VEVENT
BEGIN:VEVENT
CREATED:20071120T232324Z
LAST-MODIFIED:20091106T235012Z
DTSTAMP:20091129T210350Z
UID:79c18cb7-5b00-40ec-97e6-29a252bc5f7d
SUMMARY:San Juan (Cataluña)
CATEGORIES:Fiestas oficiales
DTSTART;VALUE=DATE;TZID=Europe/Madrid:20080624
DTEND;VALUE=DATE;TZID=Europe/Madrid:20080625
TRANSP:TRANSPARENT
END:VEVENT
BEGIN:VEVENT
CREATED:20071120T232423Z
LAST-MODIFIED:20091106T235012Z
DTSTAMP:20091129T210350Z
UID:099dc283-2149-43f7-a870-c334f072c349
SUMMARY:Santiago Apostol / Día Nacional de Galicia (Galicia\, Madrid\, Na
 varra\, País Vasco y La Rioja)
CATEGORIES:Fiestas oficiales
DTSTART;VALUE=DATE;TZID=Europe/Madrid:20080725
DTEND;VALUE=DATE;TZID=Europe/Madrid:20080726
TRANSP:TRANSPARENT
END:VEVENT
BEGIN:VEVENT
CREATED:20071120T232521Z
LAST-MODIFIED:20091106T235012Z
DTSTAMP:20091129T210350Z
UID:734256ed-6135-4953-a9e4-eaaae3f89543
SUMMARY:Día de las Instituciones (Cantabria)
CATEGORIES:Fiestas oficiales
DTSTART;VALUE=DATE;TZID=Europe/Madrid:20080728
DTEND;VALUE=DATE;TZID=Europe/Madrid:20080729
TRANSP:TRANSPARENT
END:VEVENT
BEGIN:VEVENT
CREATED:20071120T232649Z
LAST-MODIFIED:20091106T235012Z
DTSTAMP:20091129T210350Z
UID:e309e0c4-f675-4a6b-bc7a-2218644a5320
SUMMARY:Día de la Comunidad Autónoma de Ceuta
CATEGORIES:Fiestas oficiales
DTSTART;VALUE=DATE;TZID=Europe/Madrid:20080902
DTEND;VALUE=DATE;TZID=Europe/Madrid:20080903
TRANSP:TRANSPARENT
END:VEVENT
BEGIN:VEVENT
CREATED:20071120T232710Z
LAST-MODIFIED:20091106T235012Z
DTSTAMP:20091129T210350Z
UID:28bc5d14-5d2b-4b04-b67f-e738a34d7568
SUMMARY:Día de Asturias / Día de Extremadura
CATEGORIES:Fiestas oficiales
DTSTART;VALUE=DATE;TZID=Europe/Madrid:20080908
DTEND;VALUE=DATE;TZID=Europe/Madrid:20080909
TRANSP:TRANSPARENT
END:VEVENT
BEGIN:VEVENT
CREATED:20071120T232802Z
LAST-MODIFIED:20091106T235012Z
DTSTAMP:20091129T210350Z
UID:b738aca0-31aa-4091-a6a4-e72e37926a34
SUMMARY:Fiesta Nacional de Cataluña
CATEGORIES:Fiestas oficiales
DTSTART;VALUE=DATE;TZID=Europe/Madrid:20080911
DTEND;VALUE=DATE;TZID=Europe/Madrid:20080912
TRANSP:TRANSPARENT
END:VEVENT
BEGIN:VEVENT
CREATED:20071120T232848Z
LAST-MODIFIED:20091106T235012Z
DTSTAMP:20091129T210350Z
UID:d7786d0c-a33e-48eb-8d9d-1d1f7b26d222
SUMMARY:La Bien Aparecida (Cantabria)
CATEGORIES:Fiestas oficiales
DTSTART;VALUE=DATE;TZID=Europe/Madrid:20080915
DTEND;VALUE=DATE;TZID=Europe/Madrid:20080916
TRANSP:TRANSPARENT
END:VEVENT
BEGIN:VEVENT
CREATED:20071120T232928Z
LAST-MODIFIED:20091106T235012Z
DTSTAMP:20091129T210350Z
UID:873b1bd1-4a93-49f9-9bbd-c48825b16974
SUMMARY:Día de la Comunitat Valenciana
CATEGORIES:Fiestas oficiales
DTSTART;VALUE=DATE;TZID=Europe/Madrid:20081009
DTEND;VALUE=DATE;TZID=Europe/Madrid:20081010
TRANSP:TRANSPARENT
END:VEVENT
BEGIN:VEVENT
CREATED:20071120T232955Z
LAST-MODIFIED:20091106T235012Z
DTSTAMP:20091129T210350Z
UID:f640ffdf-a4cc-43fc-b8d9-799cb3912d21
SUMMARY:Lunes siguiente a la Fiesta Nacional de España (excepto Canarias\
 , Castilla La Mancha\, Cataluña\, Valencia\, Galicia\, Madrid\, Navarra\,
  País Vasco y La Rioja)
CATEGORIES:Fiestas oficiales
DTSTART;VALUE=DATE;TZID=Europe/Madrid:20081013
DTEND;VALUE=DATE;TZID=Europe/Madrid:20081014
TRANSP:TRANSPARENT
END:VEVENT
BEGIN:VEVENT
CREATED:20071120T233402Z
LAST-MODIFIED:20091106T235012Z
DTSTAMP:20091129T210350Z
UID:5ccd607f-7794-4520-8273-8223557a2a07
SUMMARY:San Esteban\, segunda fiesta de Navidad (Baleares y Cataluña)
CATEGORIES:Fiestas oficiales
DTSTART;VALUE=DATE;TZID=Europe/Madrid:20081226
DTEND;VALUE=DATE;TZID=Europe/Madrid:20081227
TRANSP:TRANSPARENT
END:VEVENT
BEGIN:VEVENT
CREATED:20081116T224241Z
LAST-MODIFIED:20091106T235012Z
DTSTAMP:20091129T210350Z
UID:cac11750-fe97-4b10-852d-623d50027343
SUMMARY:Día de Andalucía
CATEGORIES:Fiestas oficiales
DTSTART;VALUE=DATE:20090228
DTEND;VALUE=DATE:20090301
TRANSP:TRANSPARENT
X-MOZ-GENERATION:1
END:VEVENT
BEGIN:VEVENT
CREATED:20081116T224446Z
LAST-MODIFIED:20091106T235012Z
DTSTAMP:20091129T210350Z
UID:a16af95d-3419-4a0d-b76d-8430ce7b715d
SUMMARY:San José (Castilla La Mancha\, Castilla León\, Galicia\, Madrid\
 , Melilla\, Murcia\, Navarra\, País Vasco\, La Rioja y Valencia)
CATEGORIES:Fiestas oficiales
DTSTART;VALUE=DATE:20090319
DTEND;VALUE=DATE:20090320
TRANSP:TRANSPARENT
END:VEVENT
BEGIN:VEVENT
CREATED:20081116T224650Z
LAST-MODIFIED:20091106T235012Z
DTSTAMP:20091129T210350Z
UID:2ba9d6b0-dc75-45fe-9fbd-c02198f90ccd
SUMMARY:Jueves Santo (excepto Cataluña)
CATEGORIES:Fiestas oficiales
DTSTART;VALUE=DATE:20090409
DTEND;VALUE=DATE:20090410
TRANSP:TRANSPARENT
X-MOZ-GENERATION:2
END:VEVENT
BEGIN:VEVENT
CREATED:20081116T224803Z
LAST-MODIFIED:20091106T235012Z
DTSTAMP:20091129T210350Z
UID:20bc34e6-e53e-40d9-b0de-2b2939f110df
SUMMARY:Lunes de Pascua (Baleares\, Cataluña\, Navarra\, País Vasco y Va
 lencia)
CATEGORIES:Fiestas oficiales
DTSTART;VALUE=DATE:20090413
DTEND;VALUE=DATE:20090414
TRANSP:TRANSPARENT
END:VEVENT
BEGIN:VEVENT
CREATED:20081116T224851Z
LAST-MODIFIED:20091106T235012Z
DTSTAMP:20091129T210350Z
UID:1fa31c6f-cd26-4fff-ae49-ddd3fd51f638
SUMMARY:Fiesta de la comunidad autónoma (Castilla León)
CATEGORIES:Fiestas oficiales
DTSTART;VALUE=DATE:20090423
DTEND;VALUE=DATE:20090424
TRANSP:TRANSPARENT
END:VEVENT
BEGIN:VEVENT
CREATED:20081116T224917Z
LAST-MODIFIED:20091106T235012Z
DTSTAMP:20091129T210350Z
UID:6ddd2f28-996e-4757-8c27-bfcbb64b6d54
SUMMARY:San Jorge (Día de Aragón)
CATEGORIES:Fiestas oficiales
DTSTART;VALUE=DATE:20090424
DTEND;VALUE=DATE:20090425
TRANSP:TRANSPARENT
END:VEVENT
BEGIN:VEVENT
CREATED:20081116T225010Z
LAST-MODIFIED:20091106T235012Z
DTSTAMP:20091129T210350Z
UID:645ae10a-e17a-4e55-94cc-48b71a62795a
SUMMARY:Fiesta de la Comunidad de Madrid
CATEGORIES:Fiestas oficiales
DTSTART;VALUE=DATE:20090502
DTEND;VALUE=DATE:20090503
TRANSP:TRANSPARENT
END:VEVENT
BEGIN:VEVENT
CREATED:20081116T225032Z
LAST-MODIFIED:20091106T235012Z
DTSTAMP:20091129T210350Z
UID:2480fc43-d443-42be-8b99-2a95f08b8bd8
SUMMARY:Día de Canarias
CATEGORIES:Fiestas oficiales
DTSTART;VALUE=DATE:20090530
DTEND;VALUE=DATE:20090531
TRANSP:TRANSPARENT
END:VEVENT
BEGIN:VEVENT
CREATED:20081116T225054Z
LAST-MODIFIED:20091106T235012Z
DTSTAMP:20091129T210350Z
UID:34bf92f3-0c88-47fd-99b2-75cbcdb2a1ed
SUMMARY:Día de la Región Castilla La Mancha
CATEGORIES:Fiestas oficiales
DTSTART;VALUE=DATE:20090601
DTEND;VALUE=DATE:20090602
TRANSP:TRANSPARENT
END:VEVENT
BEGIN:VEVENT
CREATED:20081116T225112Z
LAST-MODIFIED:20091106T235012Z
DTSTAMP:20091129T210350Z
UID:c050ba8a-6145-4c21-b187-42aa72bb2cee
SUMMARY:Día de la Región de Murcia / Día de La Rioja
CATEGORIES:Fiestas oficiales
DTSTART;VALUE=DATE:20090609
DTEND;VALUE=DATE:20090610
TRANSP:TRANSPARENT
X-MOZ-GENERATION:1
END:VEVENT
BEGIN:VEVENT
CREATED:20081116T225222Z
LAST-MODIFIED:20091106T235012Z
DTSTAMP:20091129T210350Z
UID:fd8f5675-7d75-44af-b496-f28084b82721
SUMMARY:Corpus Christi (Madrid)
CATEGORIES:Fiestas oficiales
DTSTART;VALUE=DATE:20090611
DTEND;VALUE=DATE:20090612
TRANSP:TRANSPARENT
END:VEVENT
BEGIN:VEVENT
CREATED:20081116T225253Z
LAST-MODIFIED:20091106T235012Z
DTSTAMP:20091129T210350Z
UID:f9144185-b70e-461e-9e34-d608900138a3
SUMMARY:San Juan (Cataluña)
CATEGORIES:Fiestas oficiales
DTSTART;VALUE=DATE:20090624
DTEND;VALUE=DATE:20090625
TRANSP:TRANSPARENT
END:VEVENT
BEGIN:VEVENT
CREATED:20081116T225314Z
LAST-MODIFIED:20091106T235012Z
DTSTAMP:20091129T210350Z
UID:152a2655-4c43-4d9c-bd74-ecc84919552c
SUMMARY:Santiago Apostol (Galicia\, Navarra y País Vasco)
CATEGORIES:Fiestas oficiales
DTSTART;VALUE=DATE:20090725
DTEND;VALUE=DATE:20090726
TRANSP:TRANSPARENT
END:VEVENT
BEGIN:VEVENT
CREATED:20081116T225348Z
LAST-MODIFIED:20091106T235012Z
DTSTAMP:20091129T210350Z
UID:9e8f6b17-7f3f-4241-81b3-f80c122c488a
SUMMARY:Día de las Instituciones (Cantabria)
CATEGORIES:Fiestas oficiales
DTSTART;VALUE=DATE:20090728
DTEND;VALUE=DATE:20090729
TRANSP:TRANSPARENT
END:VEVENT
BEGIN:VEVENT
CREATED:20081116T225446Z
LAST-MODIFIED:20091106T235012Z
DTSTAMP:20091129T210350Z
UID:bd1b45ac-a717-4e65-b5d5-70f1de716b42
SUMMARY:Día de la Ciudad Autónoma de Ceuta
CATEGORIES:Fiestas oficiales
DTSTART;VALUE=DATE:20090902
DTEND;VALUE=DATE:20090903
TRANSP:TRANSPARENT
X-MOZ-GENERATION:1
END:VEVENT
BEGIN:VEVENT
CREATED:20081116T225515Z
LAST-MODIFIED:20091106T235012Z
DTSTAMP:20091129T210350Z
UID:8a0fc810-86b7-45ff-8175-b6055f2878dd
SUMMARY:Día de Asturias / Día de Extremadura
CATEGORIES:Fiestas oficiales
DTSTART;VALUE=DATE:20090908
DTEND;VALUE=DATE:20090909
TRANSP:TRANSPARENT
END:VEVENT
BEGIN:VEVENT
CREATED:20081116T225539Z
LAST-MODIFIED:20091106T235012Z
DTSTAMP:20091129T210350Z
UID:70e034b7-87f0-4f68-b3b6-ca61e5a68dc7
SUMMARY:Fiesta Nacional de Cataluña
CATEGORIES:Fiestas oficiales
DTSTART;VALUE=DATE:20090911
DTEND;VALUE=DATE:20090912
TRANSP:TRANSPARENT
END:VEVENT
BEGIN:VEVENT
CREATED:20081116T225609Z
LAST-MODIFIED:20091106T235012Z
DTSTAMP:20091129T210350Z
UID:9d4ed294-6ddb-4837-b3fc-91c253a6cf1d
SUMMARY:La Bien Aparecida (Cantabria)
CATEGORIES:Fiestas oficiales
DTSTART;VALUE=DATE:20090915
DTEND;VALUE=DATE:20090916
TRANSP:TRANSPARENT
END:VEVENT
BEGIN:VEVENT
CREATED:20081116T225730Z
LAST-MODIFIED:20091106T235012Z
DTSTAMP:20091129T210350Z
UID:e7ae79c3-1e78-4aba-affb-5122e30ae10d
SUMMARY:Día de la Comunidad Valenciana
CATEGORIES:Fiestas oficiales
DTSTART;VALUE=DATE:20091009
DTEND;VALUE=DATE:20091010
TRANSP:TRANSPARENT
END:VEVENT
BEGIN:VEVENT
CREATED:20081116T225809Z
LAST-MODIFIED:20091106T235012Z
DTSTAMP:20091129T210349Z
UID:bad22cdf-d5a7-497f-8ed4-a62f8cd36821
SUMMARY:Lunes siguiente a Todos los Santos (Andalucía\, Aragón\, Asturia
 s\, Castilla León\, Ceuta\, Extremadura y Melilla)
CATEGORIES:Fiestas oficiales
DTSTART;VALUE=DATE:20091102
DTEND;VALUE=DATE:20091103
TRANSP:TRANSPARENT
END:VEVENT
BEGIN:VEVENT
CREATED:20081116T225942Z
LAST-MODIFIED:20091106T235012Z
DTSTAMP:20091129T210350Z
UID:6b6e2bad-3b00-47db-952c-353c40a76a67
SUMMARY:Lunes siguiente al Día de la Constitución Española (excepto Cas
 tilla León\, Cataluña\, Madrid\, Navarra\, País Vasco y Valencia)
CATEGORIES:Fiestas oficiales
DTSTART;VALUE=DATE:20091207
DTEND;VALUE=DATE:20091208
TRANSP:TRANSPARENT
END:VEVENT
BEGIN:VEVENT
CREATED:20081116T230205Z
LAST-MODIFIED:20091106T235012Z
DTSTAMP:20091129T210350Z
UID:222d5777-b2b3-4b81-a277-2d6a86077c12
SUMMARY:San Esteban. Segunda fiesta de Navidad (Baleares y Cataluña)
CATEGORIES:Fiestas oficiales
DTSTART;VALUE=DATE:20091226
DTEND;VALUE=DATE:20091227
TRANSP:TRANSPARENT
END:VEVENT
BEGIN:VEVENT
CREATED:20070530T120326Z
LAST-MODIFIED:20091106T235041Z
DTSTAMP:20091129T210350Z
UID:7d1d74e0-6004-4c74-b075-ecb6a53fb0e5
SUMMARY:(Valencia) Día de la Comunidad Valenciana
CATEGORIES:Fiestas oficiales
DTSTART;VALUE=DATE;TZID=Europe/Madrid:20071009
DTEND;VALUE=DATE;TZID=Europe/Madrid:20071010
X-MOZ-GENERATION:1
END:VEVENT
BEGIN:VEVENT
CREATED:20070530T120326Z
LAST-MODIFIED:20091106T235041Z
DTSTAMP:20091129T210350Z
UID:e1702874-5407-40d6-a8c0-748530992aa5
SUMMARY:(Cantabria) Nuestra Señora de la Bien Aparecida
CATEGORIES:Fiestas oficiales
DTSTART;VALUE=DATE;TZID=Europe/Madrid:20070915
DTEND;VALUE=DATE;TZID=Europe/Madrid:20070916
X-MOZ-GENERATION:1
END:VEVENT
BEGIN:VEVENT
CREATED:20070530T120326Z
LAST-MODIFIED:20091106T235042Z
DTSTAMP:20091129T210350Z
UID:722ad886-8d9e-4eea-933d-98a09e80ea2a
SUMMARY:(Cataluña) Día Nacional de Cataluña
CATEGORIES:Fiestas oficiales
DTSTART;VALUE=DATE;TZID=Europe/Madrid:20070911
DTEND;VALUE=DATE;TZID=Europe/Madrid:20070912
X-MOZ-GENERATION:1
END:VEVENT
BEGIN:VEVENT
CREATED:20070530T120326Z
LAST-MODIFIED:20091106T235042Z
DTSTAMP:20091129T210350Z
UID:c7f0ec65-84e1-468d-827b-e13992ad4314
SUMMARY:(Asturias\, Extremadura) Día de Asturias\, Día de Extremadura
CATEGORIES:Fiestas oficiales
DTSTART;VALUE=DATE;TZID=Europe/Madrid:20070908
DTEND;VALUE=DATE;TZID=Europe/Madrid:20070909
X-MOZ-GENERATION:1
END:VEVENT
BEGIN:VEVENT
CREATED:20070530T120326Z
LAST-MODIFIED:20091106T235042Z
DTSTAMP:20091129T210350Z
UID:e38244b0-dcde-4ef3-bbaf-dc65fc3fcc56
SUMMARY:(Ceuta) Día de Ceuta
CATEGORIES:Fiestas oficiales
DTSTART;VALUE=DATE;TZID=Europe/Madrid:20070902
DTEND;VALUE=DATE;TZID=Europe/Madrid:20070903
X-MOZ-GENERATION:1
END:VEVENT
BEGIN:VEVENT
CREATED:20070530T120326Z
LAST-MODIFIED:20091106T235042Z
DTSTAMP:20091129T210350Z
UID:52b9b334-6c2e-4a2d-b784-768030757704
SUMMARY:(Galicia) Día Nacional de Galicia
CATEGORIES:Fiestas oficiales
DTSTART;VALUE=DATE;TZID=Europe/Madrid:20070725
DTEND;VALUE=DATE;TZID=Europe/Madrid:20070726
X-MOZ-GENERATION:1
END:VEVENT
BEGIN:VEVENT
CREATED:20070530T120326Z
LAST-MODIFIED:20091106T235042Z
DTSTAMP:20091129T210350Z
UID:32b3aa4f-0892-45b4-b70d-01e07ef8916f
SUMMARY:(Murcia\, Rioja) Día de Murcia\, día de La Rioja
CATEGORIES:Fiestas oficiales
DTSTART;VALUE=DATE;TZID=Europe/Madrid:20070609
DTEND;VALUE=DATE;TZID=Europe/Madrid:20070610
X-MOZ-GENERATION:1
END:VEVENT
BEGIN:VEVENT
CREATED:20070530T120326Z
LAST-MODIFIED:20091106T235042Z
DTSTAMP:20091129T210350Z
UID:1a6c822c-6872-4bd6-b225-1685b072c589
SUMMARY:(Castilla-La Mancha) Día de Castilla-La Mancha
CATEGORIES:Fiestas oficiales
DTSTART;VALUE=DATE;TZID=Europe/Madrid:20070531
DTEND;VALUE=DATE;TZID=Europe/Madrid:20070601
X-MOZ-GENERATION:1
END:VEVENT
BEGIN:VEVENT
CREATED:20070530T120326Z
LAST-MODIFIED:20091106T235042Z
DTSTAMP:20091129T210350Z
UID:ca039d5d-548c-4b20-8ee5-554852537ccb
SUMMARY:(Canarias) Día de Canarias
CATEGORIES:Fiestas oficiales
DTSTART;VALUE=DATE;TZID=Europe/Madrid:20070530
DTEND;VALUE=DATE;TZID=Europe/Madrid:20070531
X-MOZ-GENERATION:1
END:VEVENT
BEGIN:VEVENT
CREATED:20070530T120326Z
LAST-MODIFIED:20091106T235042Z
DTSTAMP:20091129T210350Z
UID:0e023996-ce80-4935-b89d-c31dd0c29d48
SUMMARY:(Galicia) Día de las Letras Gallegas
CATEGORIES:Fiestas oficiales
DTSTART;VALUE=DATE;TZID=Europe/Madrid:20070517
DTEND;VALUE=DATE;TZID=Europe/Madrid:20070518
X-MOZ-GENERATION:1
END:VEVENT
BEGIN:VEVENT
CREATED:20070530T120326Z
LAST-MODIFIED:20091106T235042Z
DTSTAMP:20091129T210350Z
UID:f4f828f8-5a4e-4c1d-8f90-7c9e372773c5
SUMMARY:(Madrid) Día de la Comunidad de Madrid
CATEGORIES:Fiestas oficiales
DTSTART;VALUE=DATE;TZID=Europe/Madrid:20070502
DTEND;VALUE=DATE;TZID=Europe/Madrid:20070503
X-MOZ-GENERATION:1
END:VEVENT
BEGIN:VEVENT
CREATED:20070530T120326Z
LAST-MODIFIED:20091106T235042Z
DTSTAMP:20091129T210350Z
UID:abcf6851-f967-49d8-9ba9-482cfd3fa190
SUMMARY:(Castilla y León y Aragón) Día de Castilla y León\, día de Ar
 agón
CATEGORIES:Fiestas oficiales
DTSTART;VALUE=DATE;TZID=Europe/Madrid:20070423
DTEND;VALUE=DATE;TZID=Europe/Madrid:20070424
X-MOZ-GENERATION:1
END:VEVENT
BEGIN:VEVENT
CREATED:20070530T120326Z
LAST-MODIFIED:20091106T235042Z
DTSTAMP:20091129T210350Z
UID:f7545065-c5d5-4894-a72b-03a332f787a3
SUMMARY:(Cataluña\, Valencia\, Navarra y País Vasco) Lunes de Pascua
CATEGORIES:Fiestas oficiales
DTSTART;VALUE=DATE;TZID=Europe/Madrid:20070409
DTEND;VALUE=DATE;TZID=Europe/Madrid:20070410
X-MOZ-GENERATION:1
END:VEVENT
BEGIN:VEVENT
CREATED:20070530T120326Z
LAST-MODIFIED:20091106T235042Z
DTSTAMP:20091129T210350Z
UID:cc94265b-4611-4f03-864f-9ecdc445be10
SUMMARY:(Excepto Canarias\, Cataluña y Valencia) Jueves Santo
CATEGORIES:Fiestas oficiales
DTSTART;VALUE=DATE;TZID=Europe/Madrid:20070405
DTEND;VALUE=DATE;TZID=Europe/Madrid:20070406
X-MOZ-GENERATION:1
END:VEVENT
BEGIN:VEVENT
CREATED:20070530T120326Z
LAST-MODIFIED:20091106T235042Z
DTSTAMP:20091129T210350Z
UID:4c4d6d16-103c-4322-befd-a8c3741d7704
SUMMARY:(Valencia\, Murcia\, Melilla) San José
CATEGORIES:Fiestas oficiales
DTSTART;VALUE=DATE;TZID=Europe/Madrid:20070319
DTEND;VALUE=DATE;TZID=Europe/Madrid:20070320
X-MOZ-GENERATION:1
END:VEVENT
BEGIN:VEVENT
CREATED:20070530T120326Z
LAST-MODIFIED:20111120T133129Z
DTSTAMP:20111120T133129Z
UID:7b533510-68f9-432f-a219-797d3b09dd72
SUMMARY:Epifanía del Señor
RRULE:FREQ=YEARLY
CATEGORIES:Fiestas oficiales
DTSTART;VALUE=DATE;TZID=Europe/Madrid:20070106
DTEND;VALUE=DATE;TZID=Europe/Madrid:20070107
X-MOZ-GENERATION:2
SEQUENCE:1
END:VEVENT
BEGIN:VEVENT
CREATED:20091129T204958Z
LAST-MODIFIED:20091129T212010Z
DTSTAMP:20091129T210350Z
UID:26b2c97f-fa33-4bef-9572-89d9c66319c9
SUMMARY:Día de Andalucía (trasladado) / Día de las Illes Balears
CATEGORIES:Fiestas oficiales
DTSTART;VALUE=DATE:20100301
DTEND;VALUE=DATE:20100302
TRANSP:TRANSPARENT
X-MOZ-GENERATION:2
END:VEVENT
BEGIN:VEVENT
CREATED:20091129T212024Z
LAST-MODIFIED:20091129T212124Z
DTSTAMP:20091129T212024Z
UID:9675ccba-1ce8-4d58-a1b1-2a27bcd789c3
SUMMARY:Jueves Santo (excepto Cataluña y Comunidad Valenciana)
CATEGORIES:Fiestas oficiales
DTSTART;VALUE=DATE:20100401
DTEND;VALUE=DATE:20100402
TRANSP:TRANSPARENT
X-MOZ-GENERATION:2
END:VEVENT
BEGIN:VEVENT
CREATED:20091129T212133Z
LAST-MODIFIED:20091129T213832Z
DTSTAMP:20091129T212133Z
UID:770d6991-ffa4-4559-b7e9-962e28cf2616
SUMMARY:San José (excepto Andalucía\, Aragón\, Asturias\, Baleares\, Ca
 narias\, Cantabria\, Cataluña y Ceuta)
CATEGORIES:Fiestas oficiales
DTSTART;VALUE=DATE:20100319
DTEND;VALUE=DATE:20100320
TRANSP:TRANSPARENT
END:VEVENT
BEGIN:VEVENT
CREATED:20091129T214001Z
LAST-MODIFIED:20091129T214229Z
DTSTAMP:20091129T214001Z
UID:4f42461c-ac13-496e-9ca9-570355ec2c10
SUMMARY:Lunes de Pascua (Baleares\, Cataluña\, Comunidad Valenciana\, Nav
 arra y País Vasco)
CATEGORIES:Fiestas oficiales
DTSTART;VALUE=DATE:20100405
DTEND;VALUE=DATE:20100406
TRANSP:TRANSPARENT
END:VEVENT
BEGIN:VEVENT
CREATED:20091129T214243Z
LAST-MODIFIED:20091129T214520Z
DTSTAMP:20091129T214243Z
UID:71eb385e-6f32-4c5f-aacc-51071a8a72b4
SUMMARY:Fiesta de la Comunidad Autónoma (Castilla y León) / San Jorge (D
 ía de Aragón)
CATEGORIES:Fiestas oficiales
DTSTART;VALUE=DATE:20100423
DTEND;VALUE=DATE:20100424
TRANSP:TRANSPARENT
X-MOZ-GENERATION:1
END:VEVENT
BEGIN:VEVENT
CREATED:20091129T214652Z
LAST-MODIFIED:20091129T214727Z
DTSTAMP:20091129T214652Z
UID:20091ff0-eb4f-47b7-9716-3bd05c869cfb
SUMMARY:Día de las Letras Gallegas
CATEGORIES:Fiestas oficiales
DTSTART;VALUE=DATE:20100517
DTEND;VALUE=DATE:20100518
TRANSP:TRANSPARENT
X-MOZ-GENERATION:1
END:VEVENT
BEGIN:VEVENT
CREATED:20091129T215019Z
LAST-MODIFIED:20091129T215114Z
DTSTAMP:20091129T215019Z
UID:4d09e055-a5a6-4b1c-a70d-48a163e17578
SUMMARY:Día de Castilla-La Mancha / Día de Canarias
CATEGORIES:Fiestas oficiales
DTSTART;VALUE=DATE:20100531
DTEND;VALUE=DATE:20100601
TRANSP:TRANSPARENT
END:VEVENT
BEGIN:VEVENT
CREATED:20091129T215131Z
LAST-MODIFIED:20091129T215153Z
DTSTAMP:20091129T215131Z
UID:b89dc408-7fc1-47c5-a924-8f85c5092128
SUMMARY:Fiesta del Corpus Christi (Madrid)
CATEGORIES:Fiestas oficiales
DTSTART;VALUE=DATE:20100603
DTEND;VALUE=DATE:20100604
TRANSP:TRANSPARENT
X-MOZ-GENERATION:1
END:VEVENT
BEGIN:VEVENT
CREATED:20091129T215312Z
LAST-MODIFIED:20091129T215340Z
DTSTAMP:20091129T215312Z
UID:ce09e09d-becd-4ae1-9f62-d833f25c44a6
SUMMARY:Día de la Región de Murcia / Día de La Rioja
CATEGORIES:Fiestas oficiales
DTSTART;VALUE=DATE:20100609
DTEND;VALUE=DATE:20100610
TRANSP:TRANSPARENT
X-MOZ-GENERATION:1
END:VEVENT
BEGIN:VEVENT
CREATED:20091129T215351Z
LAST-MODIFIED:20091129T215416Z
DTSTAMP:20091129T215351Z
UID:8fd3b18b-4e3d-4274-bf6c-4cf3f2158267
SUMMARY:San Juan (Cataluña)
CATEGORIES:Fiestas oficiales
DTSTART;VALUE=DATE:20100624
DTEND;VALUE=DATE:20100625
TRANSP:TRANSPARENT
END:VEVENT
BEGIN:VEVENT
CREATED:20091129T220402Z
LAST-MODIFIED:20091129T220427Z
DTSTAMP:20091129T220402Z
UID:7d33f112-55c7-4cf6-9287-6333e91349e8
SUMMARY:Día de las Instituciones (Cantabria)
CATEGORIES:Fiestas oficiales
DTSTART;VALUE=DATE:20100728
DTEND;VALUE=DATE:20100729
TRANSP:TRANSPARENT
END:VEVENT
BEGIN:VEVENT
CREATED:20091129T220522Z
LAST-MODIFIED:20091129T220558Z
DTSTAMP:20091129T220522Z
UID:fb7732ee-7d04-4a65-a9e4-3f098268b04e
SUMMARY:Lunes siguiente a la Asunción de la Virgen (Andalucía\, Aragón 
 y Asturias)
CATEGORIES:Fiestas oficiales
DTSTART;VALUE=DATE:20100816
DTEND;VALUE=DATE:20100817
TRANSP:TRANSPARENT
END:VEVENT
BEGIN:VEVENT
CREATED:20091129T220610Z
LAST-MODIFIED:20091129T220629Z
DTSTAMP:20091129T220610Z
UID:701d62cd-279b-434a-b032-4d8755db30cc
SUMMARY:Día de la Ciudad Autónoma de Ceuta
CATEGORIES:Fiestas oficiales
DTSTART;VALUE=DATE:20100902
DTEND;VALUE=DATE:20100903
TRANSP:TRANSPARENT
END:VEVENT
BEGIN:VEVENT
CREATED:20091129T220636Z
LAST-MODIFIED:20091129T220703Z
DTSTAMP:20091129T220636Z
UID:223a4b81-4e3e-473d-88cb-4e6a548bd592
SUMMARY:Día de Asturias / Día de Extremadura
CATEGORIES:Fiestas oficiales
DTSTART;VALUE=DATE:20100908
DTEND;VALUE=DATE:20100909
TRANSP:TRANSPARENT
X-MOZ-GENERATION:1
END:VEVENT
BEGIN:VEVENT
CREATED:20091129T220711Z
LAST-MODIFIED:20091129T220726Z
DTSTAMP:20091129T220711Z
UID:d54aba97-0fd6-40b4-87d4-c152a0257a08
SUMMARY:Fiesta Nacional de Cataluña
CATEGORIES:Fiestas oficiales
DTSTART;VALUE=DATE:20100911
DTEND;VALUE=DATE:20100912
TRANSP:TRANSPARENT
END:VEVENT
BEGIN:VEVENT
CREATED:20091129T221039Z
LAST-MODIFIED:20091129T221054Z
DTSTAMP:20091129T221039Z
UID:388ba466-c4e0-42de-ac1a-c5120ca2177e
SUMMARY:La Bien Aparecida (Cantabria)
DTSTART;VALUE=DATE:20100915
DTEND;VALUE=DATE:20100916
TRANSP:TRANSPARENT
END:VEVENT
BEGIN:VEVENT
CREATED:20091129T221112Z
LAST-MODIFIED:20091129T221127Z
DTSTAMP:20091129T221112Z
UID:736f7123-a346-48b6-ab01-f4db8d0bb6c3
SUMMARY:Día de la Comunidad Valenciana
CATEGORIES:Fiestas oficiales
DTSTART;VALUE=DATE:20101009
DTEND;VALUE=DATE:20101010
TRANSP:TRANSPARENT
END:VEVENT
BEGIN:VEVENT
CREATED:20091129T221255Z
LAST-MODIFIED:20091129T221335Z
DTSTAMP:20091129T221255Z
UID:60b43df2-6382-4756-8766-37f68f43fbbd
SUMMARY:Pascua del Sacrificio (Aid El Kebir) (Ceuta y Melilla)
CATEGORIES:Fiestas oficiales
DTSTART;VALUE=DATE:20101117
DTEND;VALUE=DATE:20101118
TRANSP:TRANSPARENT
END:VEVENT
BEGIN:VEVENT
CREATED:20101205T111837Z
LAST-MODIFIED:20101205T112020Z
DTSTAMP:20101205T112020Z
UID:8a093692-60ba-4867-b18f-51cd59d9376f
SUMMARY:Día de Andalucía
CATEGORIES:Fiestas oficiales
DTSTART;VALUE=DATE:20110228
DTEND;VALUE=DATE:20110301
TRANSP:TRANSPARENT
X-MOZ-GENERATION:1
END:VEVENT
BEGIN:VEVENT
CREATED:20070530T120326Z
LAST-MODIFIED:20101205T112128Z
DTSTAMP:20101205T112128Z
UID:4f1a3591-5191-44bc-92d5-59dd0054cbb7
SUMMARY:Día de Andalucía
CATEGORIES:Fiestas oficiales
DTSTART;VALUE=DATE;TZID=Europe/Madrid:20070228
DTEND;VALUE=DATE;TZID=Europe/Madrid:20070301
X-MOZ-GENERATION:2
END:VEVENT
BEGIN:VEVENT
CREATED:20070530T120326Z
LAST-MODIFIED:20101205T112207Z
DTSTAMP:20101205T112207Z
UID:dc45212f-e40d-428d-93f0-7e82c96b1560
SUMMARY:Día de las Islas Baleares
CATEGORIES:Fiestas oficiales
DTSTART;VALUE=DATE;TZID=Europe/Madrid:20070301
DTEND;VALUE=DATE;TZID=Europe/Madrid:20070302
X-MOZ-GENERATION:2
END:VEVENT
BEGIN:VEVENT
CREATED:20070530T120326Z
LAST-MODIFIED:20101205T112220Z
DTSTAMP:20101205T112220Z
UID:57863600-4d02-4839-a949-ab8e59d3f64e
SUMMARY:San Esteban. Segunda Fiesta de Natividad (Baleares)
CATEGORIES:Fiestas oficiales
DTSTART;VALUE=DATE;TZID=Europe/Madrid:20071226
DTEND;VALUE=DATE;TZID=Europe/Madrid:20071227
X-MOZ-GENERATION:2
END:VEVENT
BEGIN:VEVENT
CREATED:20071120T231410Z
LAST-MODIFIED:20101205T112255Z
DTSTAMP:20101205T112255Z
UID:f4130d91-6556-4b7d-a3b4-0b0dfaaceeb2
SUMMARY:Fiesta del Estatuto de Autonomía / Día de las Illes Balears
CATEGORIES:Fiestas oficiales
DTSTART;VALUE=DATE;TZID=Europe/Madrid:20080301
DTEND;VALUE=DATE;TZID=Europe/Madrid:20080302
TRANSP:TRANSPARENT
X-MOZ-GENERATION:1
END:VEVENT
BEGIN:VEVENT
CREATED:20101205T112449Z
LAST-MODIFIED:20101205T112508Z
DTSTAMP:20101205T112508Z
UID:80a43931-fa54-4e8b-a3fe-5e8a4871cfc7
SUMMARY:Día de las Illes Balears
CATEGORIES:Fiestas oficiales
DTSTART;VALUE=DATE:20110301
DTEND;VALUE=DATE:20110302
TRANSP:TRANSPARENT
END:VEVENT
BEGIN:VEVENT
CREATED:20101205T112636Z
LAST-MODIFIED:20101205T112656Z
DTSTAMP:20101205T112656Z
UID:40271441-1b2a-485f-a8e8-6a7eca72081d
SUMMARY:Jueves Santo (excepto Cataluña)
CATEGORIES:Fiestas oficiales
DTSTART;VALUE=DATE:20110421
DTEND;VALUE=DATE:20110422
TRANSP:TRANSPARENT
END:VEVENT
BEGIN:VEVENT
CREATED:20070530T120326Z
LAST-MODIFIED:20101205T112926Z
DTSTAMP:20101205T112926Z
UID:062231ec-9626-4108-af1e-c102c858d1e2
SUMMARY:Viernes Santo
CATEGORIES:Fiestas oficiales
DTSTART;VALUE=DATE;TZID=Europe/Madrid:20070406
DTEND;VALUE=DATE;TZID=Europe/Madrid:20070407
X-MOZ-GENERATION:3
SEQUENCE:2
END:VEVENT
BEGIN:VEVENT
CREATED:20101205T113110Z
LAST-MODIFIED:20101205T113120Z
DTSTAMP:20101205T113120Z
UID:2692bbca-679f-41e1-a924-e38350167215
SUMMARY:Viernes Santo
CATEGORIES:Fiestas oficiales
DTSTART;VALUE=DATE:20080321
DTEND;VALUE=DATE:20080322
TRANSP:TRANSPARENT
END:VEVENT
BEGIN:VEVENT
CREATED:20101205T113151Z
LAST-MODIFIED:20101205T113157Z
DTSTAMP:20101205T113157Z
UID:00d647d9-4795-45d1-be42-15f570bc7fe8
SUMMARY:Viernes Santo
CATEGORIES:Fiestas oficiales
DTSTART;VALUE=DATE:20090410
DTEND;VALUE=DATE:20090411
TRANSP:TRANSPARENT
END:VEVENT
BEGIN:VEVENT
CREATED:20101205T113212Z
LAST-MODIFIED:20101205T113217Z
DTSTAMP:20101205T113217Z
UID:69150327-21ae-4117-b66e-93adcd1e2939
SUMMARY:Viernes Santo
CATEGORIES:Fiestas oficiales
DTSTART;VALUE=DATE:20100402
DTEND;VALUE=DATE:20100403
TRANSP:TRANSPARENT
END:VEVENT
BEGIN:VEVENT
CREATED:20101205T113228Z
LAST-MODIFIED:20101205T113235Z
DTSTAMP:20101205T113235Z
UID:fad0bd21-195e-4e84-801e-3930ae7a3a4b
SUMMARY:Viernes Santo
CATEGORIES:Fiestas oficiales
DTSTART;VALUE=DATE:20110422
DTEND;VALUE=DATE:20110423
TRANSP:TRANSPARENT
END:VEVENT
BEGIN:VEVENT
CREATED:20101205T113309Z
LAST-MODIFIED:20101205T113400Z
DTSTAMP:20101205T113400Z
UID:1b1abe0a-bef1-4863-998e-fc5a392aef11
SUMMARY:San Jorge (Día de Aragón) / Fiesta de la Comunidad Autónoma (Ca
 stilla y León)
CATEGORIES:Fiestas oficiales
DTSTART;VALUE=DATE:20110423
DTEND;VALUE=DATE:20110424
TRANSP:TRANSPARENT
END:VEVENT
BEGIN:VEVENT
CREATED:20101205T113413Z
LAST-MODIFIED:20101205T113517Z
DTSTAMP:20101205T113517Z
UID:67de973a-db14-4e07-9a86-a23146a1f4e9
SUMMARY:Lunes de Pascua (Baleares\, Cataluña\, Com. Valenciana\, Navarra\
 , País Vasco y La Rioja)
CATEGORIES:Fiestas oficiales
DTSTART;VALUE=DATE:20110425
DTEND;VALUE=DATE:20110426
TRANSP:TRANSPARENT
END:VEVENT
BEGIN:VEVENT
CREATED:20101205T113549Z
LAST-MODIFIED:20101205T113737Z
DTSTAMP:20101205T113737Z
UID:4068cd93-c99f-468f-a3d1-e45e0a81dbba
SUMMARY:Día de la Comunidad de Madrid / Lunes siguiente a la Fiesta del t
 rabajo (Andalucía\, Aragón\, Asturias\, Cantabria\, Com. Valenciana\, Ex
 tremadura\, Madrid\, Murcia y Ceuta)
CATEGORIES:Fiestas oficiales
DTSTART;VALUE=DATE:20110502
DTEND;VALUE=DATE:20110503
TRANSP:TRANSPARENT
END:VEVENT
BEGIN:VEVENT
CREATED:20101205T113752Z
LAST-MODIFIED:20101205T113808Z
DTSTAMP:20101205T113808Z
UID:1fd3d159-95cf-4738-bbb5-edf7f062790f
SUMMARY:Día de las Letras Gallegas
CATEGORIES:Fiestas oficiales
DTSTART;VALUE=DATE:20110517
DTEND;VALUE=DATE:20110518
TRANSP:TRANSPARENT
END:VEVENT
BEGIN:VEVENT
CREATED:20101205T113819Z
LAST-MODIFIED:20101205T113825Z
DTSTAMP:20101205T113825Z
UID:c7020925-e121-4772-a447-a1f88748f73d
SUMMARY:Día de Canarias
CATEGORIES:Fiestas oficiales
DTSTART;VALUE=DATE:20110530
DTEND;VALUE=DATE:20110531
TRANSP:TRANSPARENT
END:VEVENT
BEGIN:VEVENT
CREATED:20101205T113834Z
LAST-MODIFIED:20101205T113858Z
DTSTAMP:20101205T113858Z
UID:17981687-7e70-4a92-a3aa-0aafc1273f3b
SUMMARY:Día de Castilla-La Mancha
CATEGORIES:Fiestas oficiales
DTSTART;VALUE=DATE:20110531
DTEND;VALUE=DATE:20110601
TRANSP:TRANSPARENT
END:VEVENT
BEGIN:VEVENT
CREATED:20101205T112518Z
LAST-MODIFIED:20101205T113925Z
DTSTAMP:20101205T113925Z
UID:a34554c2-fba2-4511-a0d0-598a8492d4de
SUMMARY:Día de San José (Castilla-La Mancha\, Com. Valenciana\, Galicia 
 y Murcia)
CATEGORIES:Fiestas oficiales
DTSTART;VALUE=DATE:20110319
DTEND;VALUE=DATE:20110320
TRANSP:TRANSPARENT
X-MOZ-GENERATION:1
END:VEVENT
BEGIN:VEVENT
CREATED:20101205T114002Z
LAST-MODIFIED:20101205T114017Z
DTSTAMP:20101205T114017Z
UID:1b52688c-dd81-45ea-b21e-a375c58b8cab
SUMMARY:Día de La Rioja / Día de la Región de Murcia
CATEGORIES:Fiestas oficiales
DTSTART;VALUE=DATE:20110609
DTEND;VALUE=DATE:20110610
TRANSP:TRANSPARENT
END:VEVENT
BEGIN:VEVENT
CREATED:20101205T114039Z
LAST-MODIFIED:20101205T114054Z
DTSTAMP:20101205T114054Z
UID:bd42b178-64c2-4d17-b27c-51938f6c0df4
SUMMARY:Lunes de Pascua Granada (Cataluña)
CATEGORIES:Fiestas oficiales
DTSTART;VALUE=DATE:20110613
DTEND;VALUE=DATE:20110614
TRANSP:TRANSPARENT
END:VEVENT
BEGIN:VEVENT
CREATED:20101205T114101Z
LAST-MODIFIED:20101205T114133Z
DTSTAMP:20101205T114133Z
UID:e02611ad-b84c-4fd6-bef5-459ab276f7d9
SUMMARY:Corpus Christi (Castilla-La Mancha y Madrid)
CATEGORIES:Fiestas oficiales
DTSTART;VALUE=DATE:20110623
DTEND;VALUE=DATE:20110624
TRANSP:TRANSPARENT
END:VEVENT
BEGIN:VEVENT
CREATED:20101205T114142Z
LAST-MODIFIED:20101205T114158Z
DTSTAMP:20101205T114158Z
UID:4632b4c0-46f3-4d1b-9fd0-c7c08b9b13f8
SUMMARY:San Juan (Cataluña)
CATEGORIES:Fiestas oficiales
DTSTART;VALUE=DATE:20110624
DTEND;VALUE=DATE:20110625
TRANSP:TRANSPARENT
END:VEVENT
BEGIN:VEVENT
CREATED:20101205T114210Z
LAST-MODIFIED:20101205T114246Z
DTSTAMP:20101205T114246Z
UID:8c433b68-003b-4a84-ba22-7c764ef73e32
SUMMARY:Santiago Apostol (Castilla y León\, Galicia\, Madrid\, Navarra\, 
 País Vasco y La Rioja)
CATEGORIES:Fiestas oficiales
DTSTART;VALUE=DATE:20110725
DTEND;VALUE=DATE:20110726
TRANSP:TRANSPARENT
END:VEVENT
BEGIN:VEVENT
CREATED:20101205T114254Z
LAST-MODIFIED:20101205T114303Z
DTSTAMP:20101205T114303Z
UID:d5291dfd-8c25-4e6f-a55e-1d4e096ad114
SUMMARY:Día de las Instituciones (Cantabria)
CATEGORIES:Fiestas oficiales
DTSTART;VALUE=DATE:20110728
DTEND;VALUE=DATE:20110729
TRANSP:TRANSPARENT
END:VEVENT
BEGIN:VEVENT
CREATED:20101205T114343Z
LAST-MODIFIED:20101205T114402Z
DTSTAMP:20101205T114402Z
UID:0a227c18-cb39-4a6d-81e1-91290c54a148
SUMMARY:Día de Asturias / Día de Extremadura
CATEGORIES:Fiestas oficiales
DTSTART;VALUE=DATE:20110908
DTEND;VALUE=DATE:20110909
TRANSP:TRANSPARENT
X-MOZ-GENERATION:1
END:VEVENT
BEGIN:VEVENT
CREATED:20101205T114451Z
LAST-MODIFIED:20101205T114508Z
DTSTAMP:20101205T114508Z
UID:3febe4a4-e478-4a48-b911-9fed200a0e54
SUMMARY:La Bien Aparecida (Cantabria)
CATEGORIES:Fiestas oficiales
DTSTART;VALUE=DATE:20110915
DTEND;VALUE=DATE:20110916
TRANSP:TRANSPARENT
END:VEVENT
BEGIN:VEVENT
CREATED:20101205T114745Z
LAST-MODIFIED:20101205T114806Z
DTSTAMP:20101205T114806Z
UID:c7245c9f-0bbd-4315-9be7-d6ddd85cf935
SUMMARY:Día del País Vasco
CATEGORIES:Fiestas oficiales
DTSTART;VALUE=DATE:20111025
DTEND;VALUE=DATE:20111026
TRANSP:TRANSPARENT
END:VEVENT
BEGIN:VEVENT
CREATED:20101205T115047Z
LAST-MODIFIED:20101205T115231Z
DTSTAMP:20101205T115231Z
UID:80da1f50-6161-442d-8e03-97ecfed7bcc9
SUMMARY:Pascua del Sacrificio (Ceuta)
CATEGORIES:Fiestas oficiales
DTSTART;VALUE=DATE:20111106
DTEND;VALUE=DATE:20111107
TRANSP:TRANSPARENT
SEQUENCE:2
X-MOZ-GENERATION:2
END:VEVENT
BEGIN:VEVENT
CREATED:20101205T115128Z
LAST-MODIFIED:20101205T115245Z
DTSTAMP:20101205T115245Z
UID:ec82e58d-44df-46aa-bf76-6f6a25e2884c
SUMMARY:Fiesta del Sacrificio (Melilla)
CATEGORIES:Fiestas oficiales
DTSTART;VALUE=DATE:20111107
DTEND;VALUE=DATE:20111108
TRANSP:TRANSPARENT
SEQUENCE:1
X-MOZ-GENERATION:1
END:VEVENT
BEGIN:VEVENT
CREATED:20101205T115547Z
LAST-MODIFIED:20101205T115651Z
DTSTAMP:20101205T115651Z
UID:00042702-69cc-4f40-85dd-99a5cd30ad75
SUMMARY:Lunes siguiente a la Natividad del Señor (excepto Cantabria\, Cas
 tilla-La Mancha\, Com. Valenciana\, Galicia\, Madrid\, Murcia\, País Vasc
 o y La Rioja)
CATEGORIES:Fiestas oficiales
DTSTART;VALUE=DATE:20111226
DTEND;VALUE=DATE:20111227
TRANSP:TRANSPARENT
END:VEVENT
BEGIN:VEVENT
CREATED:20070530T120326Z
LAST-MODIFIED:20101205T111554Z
DTSTAMP:20101205T111554Z
UID:414d6a02-bc49-4b9a-b091-7a81c58f2678
SUMMARY:Año Nuevo
RRULE:FREQ=YEARLY
CATEGORIES:Fiestas oficiales
DTSTART;VALUE=DATE;TZID=Europe/Madrid:20070101
DTEND;VALUE=DATE;TZID=Europe/Madrid:20070102
X-MOZ-GENERATION:2
SEQUENCE:1
END:VEVENT
BEGIN:VEVENT
CREATED:20070530T120326Z
LAST-MODIFIED:20101205T114659Z
DTSTAMP:20101205T114659Z
UID:541e9a67-0f90-4d5c-acf3-bd2a13e86cb2
SUMMARY:Fiesta Nacional de España
RRULE:FREQ=YEARLY
CATEGORIES:Fiestas oficiales
DTSTART;VALUE=DATE;TZID=Europe/Madrid:20071012
DTEND;VALUE=DATE;TZID=Europe/Madrid:20071013
X-MOZ-GENERATION:2
SEQUENCE:1
END:VEVENT
BEGIN:VEVENT
CREATED:20070530T120326Z
LAST-MODIFIED:20101205T115030Z
DTSTAMP:20101205T115030Z
UID:a95ca284-04fd-4234-8dda-4f419fabf4b0
SUMMARY:Todos los Santos
RRULE:FREQ=YEARLY
CATEGORIES:Fiestas oficiales
DTSTART;VALUE=DATE;TZID=Europe/Madrid:20071101
DTEND;VALUE=DATE;TZID=Europe/Madrid:20071102
X-MOZ-GENERATION:2
SEQUENCE:1
END:VEVENT
BEGIN:VEVENT
CREATED:20070530T120326Z
LAST-MODIFIED:20101205T115349Z
DTSTAMP:20101205T115349Z
UID:a19435c4-581d-45a1-afea-0097df54856f
SUMMARY:Día de la Constitución Española
RRULE:FREQ=YEARLY
CATEGORIES:Fiestas oficiales
DTSTART;VALUE=DATE;TZID=Europe/Madrid:20071206
DTEND;VALUE=DATE;TZID=Europe/Madrid:20071207
X-MOZ-GENERATION:2
SEQUENCE:1
END:VEVENT
BEGIN:VEVENT
CREATED:20070530T120326Z
LAST-MODIFIED:20101205T115444Z
DTSTAMP:20101205T115444Z
UID:ebd6d0e2-3612-4b8d-ac96-ed09ca0680cc
SUMMARY:La Inmaculada Concepción
RRULE:FREQ=YEARLY
CATEGORIES:Fiestas oficiales
DTSTART;VALUE=DATE;TZID=Europe/Madrid:20071208
DTEND;VALUE=DATE;TZID=Europe/Madrid:20071209
X-MOZ-GENERATION:2
SEQUENCE:1
END:VEVENT
BEGIN:VEVENT
CREATED:20070530T120326Z
LAST-MODIFIED:20101205T115527Z
DTSTAMP:20101205T115527Z
UID:be1f3759-4273-43f8-8afd-fb7af952ae1a
SUMMARY:Natividad del Señor
RRULE:FREQ=YEARLY
CATEGORIES:Fiestas oficiales
DTSTART;VALUE=DATE;TZID=Europe/Madrid:20071225
DTEND;VALUE=DATE;TZID=Europe/Madrid:20071226
X-MOZ-GENERATION:2
SEQUENCE:1
END:VEVENT
BEGIN:VEVENT
CREATED:20070530T120326Z
LAST-MODIFIED:20101205T115824Z
DTSTAMP:20101205T115824Z
UID:083e8117-7787-45e8-a73d-4e1d3bc08398
SUMMARY:Fiesta del Trabajo
RRULE:FREQ=YEARLY
CATEGORIES:Fiestas oficiales
DTSTART;VALUE=DATE;TZID=Europe/Madrid:20070501
DTEND;VALUE=DATE;TZID=Europe/Madrid:20070502
X-MOZ-GENERATION:2
SEQUENCE:1
END:VEVENT
BEGIN:VEVENT
CREATED:20070530T120326Z
LAST-MODIFIED:20101205T120203Z
DTSTAMP:20101205T120203Z
UID:0c035021-76c7-481f-a658-b04af1c6ada4
SUMMARY:Asunción de la Virgen
RRULE:FREQ=YEARLY
CATEGORIES:Fiestas oficiales
DTSTART;VALUE=DATE;TZID=Europe/Madrid:20070815
DTEND;VALUE=DATE;TZID=Europe/Madrid:20070816
X-MOZ-GENERATION:2
SEQUENCE:1
END:VEVENT
BEGIN:VEVENT
CREATED:20111120T131852Z
LAST-MODIFIED:20111120T131956Z
DTSTAMP:20111120T131956Z
UID:36b46697-2525-48dc-9456-e39fd47747e8
SUMMARY:Lunes siguiente al Año Nuevo (Andalucía\, Aragón\, Asturias\, E
 xtremadura y Ceuta)
CATEGORIES:Fiestas oficiales
DTSTART;VALUE=DATE:20120102
DTEND;VALUE=DATE:20120103
TRANSP:TRANSPARENT
X-MOZ-GENERATION:1
END:VEVENT
BEGIN:VEVENT
CREATED:20111120T132136Z
LAST-MODIFIED:20111120T132148Z
DTSTAMP:20111120T132148Z
UID:b53a6e80-a685-4723-9667-485243843d24
SUMMARY:Día de Andalucía
CATEGORIES:Fiestas oficiales
DTSTART;VALUE=DATE:20120228
DTEND;VALUE=DATE:20120229
TRANSP:TRANSPARENT
END:VEVENT
BEGIN:VEVENT
CREATED:20111120T132217Z
LAST-MODIFIED:20111120T132247Z
DTSTAMP:20111120T132247Z
UID:3f964605-6777-41d9-9e69-1ea30e31afdd
SUMMARY:Día de las Islas Baleares
CATEGORIES:Fiestas oficiales
DTSTART;VALUE=DATE:20120301
DTEND;VALUE=DATE:20120302
TRANSP:TRANSPARENT
END:VEVENT
BEGIN:VEVENT
CREATED:20111120T132254Z
LAST-MODIFIED:20111120T132354Z
DTSTAMP:20111120T132354Z
UID:f3a34b8e-762b-486e-8e28-3e25dadb9b9c
SUMMARY:San José (Castilla y León\, Valencia\, Madrid\, Murcia\, Navarra
 \, La Rioja y Melilla)
CATEGORIES:Fiestas oficiales
DTSTART;VALUE=DATE:20120319
DTEND;VALUE=DATE:20120320
TRANSP:TRANSPARENT
END:VEVENT
BEGIN:VEVENT
CREATED:20111120T132529Z
LAST-MODIFIED:20111120T132551Z
DTSTAMP:20111120T132551Z
UID:e5f78796-cf5c-4fb9-923e-d071cc56276c
SUMMARY:Jueves Santo (excepto Cataluña y Valencia)
CATEGORIES:Fiestas oficiales
DTSTART;VALUE=DATE:20120405
DTEND;VALUE=DATE:20120406
TRANSP:TRANSPARENT
END:VEVENT
BEGIN:VEVENT
CREATED:20111120T132558Z
LAST-MODIFIED:20111120T132617Z
DTSTAMP:20111120T132617Z
UID:f016ae23-2cf1-4bb5-a725-d9b3f89cf112
SUMMARY:Viernes Santo
CATEGORIES:Fiestas oficiales
DTSTART;VALUE=DATE:20120406
DTEND;VALUE=DATE:20120407
TRANSP:TRANSPARENT
END:VEVENT
BEGIN:VEVENT
CREATED:20111120T132624Z
LAST-MODIFIED:20111120T132655Z
DTSTAMP:20111120T132655Z
UID:a12767fb-b590-420c-866d-f0d4f0f413dc
SUMMARY:Lunes de Pascua (Baleares\, Cataluña\, Valencia\, Navarra y País
  Vasco)
CATEGORIES:Fiestas oficiales
DTSTART;VALUE=DATE:20120409
DTEND;VALUE=DATE:20120410
TRANSP:TRANSPARENT
END:VEVENT
BEGIN:VEVENT
CREATED:20111120T132733Z
LAST-MODIFIED:20111120T133035Z
DTSTAMP:20111120T133035Z
UID:a0dcd2e5-f279-4cb7-ac3c-ec1732f618ad
SUMMARY:San Jorge (Día de Aragón) / Fiesta de la Comunidad Autónoma (Ca
 stilla y León)
CATEGORIES:Fiestas oficiales
DTSTART;VALUE=DATE:20120423
DTEND;VALUE=DATE:20120424
TRANSP:TRANSPARENT
X-MOZ-GENERATION:1
END:VEVENT
BEGIN:VEVENT
CREATED:20111120T133412Z
LAST-MODIFIED:20111120T133422Z
DTSTAMP:20111120T133422Z
UID:38492084-80f4-43b7-8a5c-ac369aae69a6
SUMMARY:Fiesta de la Comunidad de Madrid
CATEGORIES:Fiestas oficiales
DTSTART;VALUE=DATE:20120502
DTEND;VALUE=DATE:20120503
TRANSP:TRANSPARENT
END:VEVENT
BEGIN:VEVENT
CREATED:20111120T133430Z
LAST-MODIFIED:20111120T133445Z
DTSTAMP:20111120T133445Z
UID:6df40c3e-9449-483b-a084-2b953c363dd2
SUMMARY:Día de las Letras Galllegas
CATEGORIES:Fiestas oficiales
DTSTART;VALUE=DATE:20120517
DTEND;VALUE=DATE:20120518
TRANSP:TRANSPARENT
END:VEVENT
BEGIN:VEVENT
CREATED:20111120T133454Z
LAST-MODIFIED:20111120T133459Z
DTSTAMP:20111120T133459Z
UID:6502e0ff-fe45-4588-842b-2cfd4208f487
SUMMARY:Día de Canarias
CATEGORIES:Fiestas oficiales
DTSTART;VALUE=DATE:20120530
DTEND;VALUE=DATE:20120531
TRANSP:TRANSPARENT
END:VEVENT
BEGIN:VEVENT
CREATED:20111120T133502Z
LAST-MODIFIED:20111120T133526Z
DTSTAMP:20111120T133526Z
UID:6679d5da-6b3e-4fd6-bbac-61bed5707f08
SUMMARY:Día de la Región de Castilla-La Mancha
CATEGORIES:Fiestas oficiales
DTSTART;VALUE=DATE:20120531
DTEND;VALUE=DATE:20120601
TRANSP:TRANSPARENT
END:VEVENT
BEGIN:VEVENT
CREATED:20111120T133543Z
LAST-MODIFIED:20111120T133556Z
DTSTAMP:20111120T133556Z
UID:b01b96cb-99b2-45a7-8608-161bf65ca33f
SUMMARY:Fiesta del Corpus Christi (Castilla-La Mancha)
CATEGORIES:Fiestas oficiales
DTSTART;VALUE=DATE:20120607
DTEND;VALUE=DATE:20120608
TRANSP:TRANSPARENT
END:VEVENT
BEGIN:VEVENT
CREATED:20111120T133625Z
LAST-MODIFIED:20111120T133631Z
DTSTAMP:20111120T133631Z
UID:ec9dbb18-8698-445e-b466-48bb5a4c8c91
SUMMARY:Día de La Rioja / Día de la Región de Murcia
CATEGORIES:Fiestas oficiales
DTSTART;VALUE=DATE:20120609
DTEND;VALUE=DATE:20120610
TRANSP:TRANSPARENT
END:VEVENT
BEGIN:VEVENT
CREATED:20111120T133643Z
LAST-MODIFIED:20111120T133712Z
DTSTAMP:20111120T133712Z
UID:58169bd7-990c-49b1-97a4-8916f58b9b9d
SUMMARY:Santiago Apostol (Cantabria) / Día Nacional de Galicia
CATEGORIES:Fiestas oficiales
DTSTART;VALUE=DATE:20120725
DTEND;VALUE=DATE:20120726
TRANSP:TRANSPARENT
END:VEVENT
BEGIN:VEVENT
CREATED:20111120T133802Z
LAST-MODIFIED:20111120T133806Z
DTSTAMP:20111120T133806Z
UID:0ab768cb-4321-4af5-8426-16c65245e3a3
SUMMARY:Día de Asturias / Día de Extremadura
CATEGORIES:Fiestas oficiales
DTSTART;VALUE=DATE:20120908
DTEND;VALUE=DATE:20120909
TRANSP:TRANSPARENT
END:VEVENT
BEGIN:VEVENT
CREATED:20111120T133825Z
LAST-MODIFIED:20111120T133831Z
DTSTAMP:20111120T133831Z
UID:a9f060db-4e4c-43de-8534-e9b391d0eb0a
SUMMARY:Fiesta Nacional de Cataluña
CATEGORIES:Fiestas oficiales
DTSTART;VALUE=DATE:20120911
DTEND;VALUE=DATE:20120912
TRANSP:TRANSPARENT
END:VEVENT
BEGIN:VEVENT
CREATED:20111120T133850Z
LAST-MODIFIED:20111120T133858Z
DTSTAMP:20111120T133858Z
UID:83531e3d-551c-46d5-a74a-3039133cbb21
SUMMARY:La Bien Aparecida (Cantabria)
CATEGORIES:Fiestas oficiales
DTSTART;VALUE=DATE:20120915
DTEND;VALUE=DATE:20120916
TRANSP:TRANSPARENT
END:VEVENT
BEGIN:VEVENT
CREATED:20111120T133914Z
LAST-MODIFIED:20111120T133921Z
DTSTAMP:20111120T133921Z
UID:6eaf1e2d-db97-457f-8bfa-cb9cecc468c8
SUMMARY:Día de la Comunidad Valenciana
CATEGORIES:Fiestas oficiales
DTSTART;VALUE=DATE:20121009
DTEND;VALUE=DATE:20121010
TRANSP:TRANSPARENT
END:VEVENT
BEGIN:VEVENT
CREATED:20111120T134019Z
LAST-MODIFIED:20111120T134031Z
DTSTAMP:20111120T134031Z
UID:031cd355-de90-4766-ad59-16ef8e7d40a0
SUMMARY:Día del País Vasco
CATEGORIES:Fiestas oficiales
DTSTART;VALUE=DATE:20121025
DTEND;VALUE=DATE:20121026
TRANSP:TRANSPARENT
END:VEVENT
BEGIN:VEVENT
CREATED:20111120T134043Z
LAST-MODIFIED:20111120T134053Z
DTSTAMP:20111120T134053Z
UID:b4567d7a-e77c-404a-b50f-e8e6ce4118a1
SUMMARY:Fiesta del Sacrificio (Melilla)
CATEGORIES:Fiestas oficiales
DTSTART;VALUE=DATE:20121026
DTEND;VALUE=DATE:20121027
TRANSP:TRANSPARENT
END:VEVENT
BEGIN:VEVENT
CREATED:20111120T134105Z
LAST-MODIFIED:20111120T134121Z
DTSTAMP:20111120T134121Z
UID:c392328f-0047-4afe-83e4-22cbcde19150
SUMMARY:Festividad de la Pascual del Sacrificio (Ceuta)
CATEGORIES:Fiestas oficiales
DTSTART;VALUE=DATE:20121027
DTEND;VALUE=DATE:20121028
TRANSP:TRANSPARENT
END:VEVENT
BEGIN:VEVENT
CREATED:20111120T134148Z
LAST-MODIFIED:20111120T134157Z
DTSTAMP:20111120T134157Z
UID:a5627e73-d8c8-4bf4-8711-9baa9a0b7df9
SUMMARY:San Esteban (Cataluña)
CATEGORIES:Fiestas oficiales
DTSTART;VALUE=DATE:20121226
DTEND;VALUE=DATE:20121227
TRANSP:TRANSPARENT
END:VEVENT
END:VCALENDAR
